ligne,classe_1995,numero_1995,libelle_fr,libelle_ar,echelle,point,point_fr,point_ar,taux
0,services_de_bureaux,1,Services de bureaux,الخدمات المكتبية,1995,1,Services de bureaux,الخدمات المكتبية,0.005
0,services_de_bureaux,1,Services de bureaux,الخدمات المكتبية,1999,1,Services de bureaux,الخدمات المكتبيّة,0.004
1,autres_services,2,Autres services,الخدمات الأخرى,1995,2,Autres services,الخدمات الأخرى,0.006
1,autres_services,2,Autres services,الخدمات الأخرى,1999,2,Autres services,الخدمات الأخرى,0.005
2,commerce,3,Commerce,التجارة,1995,3,Commerce,التجارة,0.006
2,commerce,3,Commerce,التجارة,1999,3-1,Commerce de gros,تجارة الجملة,0.005
2,commerce,3,Commerce,التجارة,1999,3-2,Commerce de détail,تجارة التفصيل,0.005
3,artisans,4,Artisans,الصناعات التقليدية,1995,4,Artisans,الصناعات التقليدية,0.006
4,agriculture_et_peche,5,Agriculture et pêche,الفلاحة والصيد البحري,1995,5,Agriculture et pêche,الفلاحة والصيد البحري,0.007
4,agriculture_et_peche,5,Agriculture et pêche,الفلاحة والصيد البحري,1999,5,Agriculture et pêche,الفلاحة والصيد البحري,0.006
5,industries_agro_alimentaires,6,Industries agro-alimentaires,الصناعات الفلاحية والغذائية,1995,6-1,Industrie du lait et dérivés,صناعة الحليب ومشتقاته,0.016
5,industries_agro_alimentaires,6,Industries agro-alimentaires,الصناعات الفلاحية والغذائية,1995,6-2,Industrie des corps gras,صناعة المواد الدسمة,0.016
5,industries_agro_alimentaires,6,Industries agro-alimentaires,الصناعات الفلاحية والغذائية,1995,6-3,Travail des graines,صناعة الحبوب والدقيق,0.016
5,industries_agro_alimentaires,6,Industries agro-alimentaires,الصناعات الفلاحية والغذائية,1995,6-4,Industrie de conserverie et semi-conserverie,صناعة المصبرات ونصف المصبرات,0.016
5,industries_agro_alimentaires,6,Industries agro-alimentaires,الصناعات الفلاحية والغذائية,1995,6-5,Industrie de séchage et de déshydratation,صناعة تجفيف الأغذية,0.016
5,industries_agro_alimentaires,6,Industries agro-alimentaires,الصناعات الفلاحية والغذائية,1995,6-6,"Industrie du sucre, chocolaterie et dérivés",صناعة السكر والشوكلاطة ومشتقاتها,0.016
5,industries_agro_alimentaires,6,Industries agro-alimentaires,الصناعات الفلاحية والغذائية,1995,6-7,"Industrie de boissons, boissons alcoolisées et vinaigre",صناعات المشروبات والمشروبات الكحولية والخل,0.016
5,industries_agro_alimentaires,6,Industries agro-alimentaires,الصناعات الفلاحية والغذائية,1995,6-8,Industries alimentaires diverses,صناعات غذائية مختلفة,0.016
5,industries_agro_alimentaires,6,Industries agro-alimentaires,الصناعات الفلاحية والغذائية,1995,6-9,Industries d'aliments composés,صناعة العلف المركب,0.016
5,industries_agro_alimentaires,6,Industries agro-alimentaires,الصناعات الفلاحية والغذائية,1995,6-10,Autres industries agro-alimentaires,صناعات فلاحية وغذائية أخرى,0.016
5,industries_agro_alimentaires,6,Industries agro-alimentaires,الصناعات الفلاحية والغذائية,1999,6-1,Industries du lait et dérivés,صناعات الحليب ومشتقاته,0.016
5,industries_agro_alimentaires,6,Industries agro-alimentaires,الصناعات الفلاحية والغذائية,1999,6-2,Industries des huiles et des corps gras,صناعة الزيوت والمواد الدسمة,0.016
5,industries_agro_alimentaires,6,Industries agro-alimentaires,الصناعات الفلاحية والغذائية,1999,6-3,Travail des graines,صناعة الحبوب والدقيق,0.016
5,industries_agro_alimentaires,6,Industries agro-alimentaires,الصناعات الفلاحية والغذائية,1999,6-4,Industries de conserverie et semi-conserverie,صناعة المصبرات ونصف المصبرات,0.016
5,industries_agro_alimentaires,6,Industries agro-alimentaires,الصناعات الفلاحية والغذائية,1999,6-5,Industries de séchage et déshydratation,صناعة تجفيف الأغذية,0.016
5,industries_agro_alimentaires,6,Industries agro-alimentaires,الصناعات الفلاحية والغذائية,1999,6-6,"Industries du sucre, chocolaterie et dérivés",صناعة السكر والشوكلاطة ومشتقاتها,0.016
5,industries_agro_alimentaires,6,Industries agro-alimentaires,الصناعات الفلاحية والغذائية,1999,6-7,"Industries de boissons, boissons alcoolisées et vinaigre",صناعة المشروبات والمشروبات الكحولية والخلّ,0.016
5,industries_agro_alimentaires,6,Industries agro-alimentaires,الصناعات الفلاحية والغذائية,1999,6-8,Industries d'aliments composés,صناعة العلف المركب,0.016
5,industries_agro_alimentaires,6,Industries agro-alimentaires,الصناعات الفلاحية والغذائية,1999,6-9,Les abattoirs,المسالخ,0.016
5,industries_agro_alimentaires,6,Industries agro-alimentaires,الصناعات الفلاحية والغذائية,1999,6-10,Autres industries agro-alimentaires,صناعات غذائية وفلاحية أخرى,0.016
6,industrie_du_froid,7,Industrie du froid,صناعة التبريد,1995,7,Industrie du froid,صناعة التبريد,0.02
7,papier_et_arts_graphiques,8,Industrie du papier et des arts graphiques,صناعة الورق وفنون الرسم,1995,8-1,Fabrication du papier et carton,صناعة الورق والورق المقوى,0.022
7,papier_et_arts_graphiques,8,Industrie du papier et des arts graphiques,صناعة الورق وفنون الرسم,1995,8-2,Imprimerie et transformation du papier et carton,الطباعة وتحويل الورق والورق المقوى,0.01
7,papier_et_arts_graphiques,8,Industrie du papier et des arts graphiques,صناعة الورق وفنون الرسم,1999,8-1,Fabrication du papier et carton,صناعة الورق والورق المقوّى,0.02
7,papier_et_arts_graphiques,8,Industrie du papier et des arts graphiques,صناعة الورق وفنون الرسم,1999,8-2,Transformation du papier et carton,تحويل الورق والورق المقوّى,0.008
7,papier_et_arts_graphiques,8,Industrie du papier et des arts graphiques,صناعة الورق وفنون الرسم,1999,8-3,Imprimerie et édition,الطباعة والنشر,0.008
8,mecaniques_fonderies_electriques,9,"Industries mécaniques, de fonderies et électriques",الصناعات الميكانيكية والمعدنية والكهربائية,1995,9-1,Industries mécaniques,الصناعات الميكانيكية,0.025
8,mecaniques_fonderies_electriques,9,"Industries mécaniques, de fonderies et électriques",الصناعات الميكانيكية والمعدنية والكهربائية,1995,9-2,Industries de fonderie et sidérurgie,الصناعات المعدنية والمسابك,0.028
8,mecaniques_fonderies_electriques,9,"Industries mécaniques, de fonderies et électriques",الصناعات الميكانيكية والمعدنية والكهربائية,1995,9-3,Industries électriques,الصناعات الكهربائية,0.017
9,textile_cuir_chaussures,10,"Industries de textile, du cuir et des chaussures",صناعات النسيج والجلد والأحذية,1995,10,"Industries de textile, du cuir et des chaussures",صناعات النسيج والجلد والأحذية,0.02
9,textile_cuir_chaussures,10,"Industries de textile, du cuir et des chaussures",صناعات النسيج والجلد والأحذية,1999,14-1,Filature et tissage,صناعة الغزل والنسيج,0.018
9,textile_cuir_chaussures,10,"Industries de textile, du cuir et des chaussures",صناعات النسيج والجلد والأحذية,1999,14-2,"Fabrication de vêtements et de fourrures, délavage et blanchisserie",صناعة الملابس والفرو وغسلها وتبييضها,0.012
9,textile_cuir_chaussures,10,"Industries de textile, du cuir et des chaussures",صناعات النسيج والجلد والأحذية,1999,14-3,Industrie du cuir,صناعة الأحذية,0.012
9,textile_cuir_chaussures,10,"Industries de textile, du cuir et des chaussures",صناعات النسيج والجلد والأحذية,1999,14-4,Les tanneries,المدابغ,0.02
9,textile_cuir_chaussures,10,"Industries de textile, du cuir et des chaussures",صناعات النسيج والجلد والأحذية,1999,14-5,Fabrication de divers articles en cuir,صناعة مواد مختلفة من الجلد,0.013
10,meuble,11,Industrie du meuble,صناعة الأثاث,1995,11,Industrie du meuble,صناعة الأثاث,0.02
11,materiaux_construction_ceramique_verrerie,12,"Industrie des matériaux de construction, de la céramique et de verrerie",صناعة مواد البناء والخزف والبلور,1995,12,"Industrie des matériaux de construction, de la céramique et de verrerie",صناعة مواد البناء والخزف والبلور,0.03
11,materiaux_construction_ceramique_verrerie,12,"Industrie des matériaux de construction, de la céramique et de verrerie",صناعة مواد البناء والخزف والبلور,1999,18,Industrie des matériaux de construction,صناعة مواد البناء,0.028
11,materiaux_construction_ceramique_verrerie,12,"Industrie des matériaux de construction, de la céramique et de verrerie",صناعة مواد البناء والخزف والبلور,1999,19,Industrie de verrerie,صناعة البلور,0.027
11,materiaux_construction_ceramique_verrerie,12,"Industrie des matériaux de construction, de la céramique et de verrerie",صناعة مواد البناء والخزف والبلور,1999,20,Industrie de la céramique (à l'exception des industries artisanales),صناعة الخزف (باستثناء الصناعات التقليدية),0.022
12,bois_liege,13,Industrie du bois et du liège,صناعة الخشب والفلين,1995,13,Industrie du bois et du liège,صناعة الخشب والفلين,0.035
12,bois_liege,13,Industrie du bois et du liège,صناعة الخشب والفلين,1999,15,Industrie du bois,صناعة الخشب,0.034
12,bois_liege,13,Industrie du bois et du liège,صناعة الخشب والفلين,1999,17,Industrie du liège,صناعة الفلين,0.03
13,autres_industries_manufacturieres,14,Autres industries manufacturières,صناعات معملية أخرى,1995,14,Autres industries manufacturières,صناعات معملية أخرى,0.02
13,autres_industries_manufacturieres,14,Autres industries manufacturières,صناعات معملية أخرى,1999,21,Autres industries manufacturières,صناعة معمليّة أخرى,0.017
14,industries_chimiques,15,Industries chimiques,الصناعات الكيميائية,1995,,Grandes industries chimiques minérales,الصناعات الكبرى في الكيميا المعدنية,0.05
14,industries_chimiques,15,Industries chimiques,الصناعات الكيميائية,1995,,Fabrication de produits minéraux divers,إنتاج المواد المعدنية المختلفة,0.05
14,industries_chimiques,15,Industries chimiques,الصناعات الكيميائية,1995,,Fabrication d'engrais et industries de l'azote,إنتاج الأسمدة وصناعات الأزوت,0.05
14,industries_chimiques,15,Industries chimiques,الصناعات الكيميائية,1995,,Industries de la synthèse organique,صناعة التركيبات العضوية,0.05
14,industries_chimiques,15,Industries chimiques,الصناعات الكيميائية,1995,,"Fabrication d'explosifs industriels, d'accessoires, de mises à feu et d'artifices",صناعة المفرقعات الصناعية وتوابعها وأدوات الإشعال والشماريخ,0.05
14,industries_chimiques,15,Industries chimiques,الصناعات الكيميائية,1995,,Fabrication de produits pharmaceutiques,صناعة مواد الصيدلة,0.05
14,industries_chimiques,15,Industries chimiques,الصناعات الكيميائية,1995,,"Fabrication de peintures, vernis, pigments broyés",صناعة الدهن والفرنيز والصباغ المسحوقة,0.05
14,industries_chimiques,15,Industries chimiques,الصناعات الكيميائية,1995,,Fabrication de produits insecticides et anticryptogamiques,صناعة المواد المبيدة والفطرية,0.05
14,industries_chimiques,15,Industries chimiques,الصناعات الكيميائية,1995,,Raffineries de pétrole,مصفاة البترول,0.05
14,industries_chimiques,15,Industries chimiques,الصناعات الكيميائية,1995,,"Fabrication des dérivés du pétrole et du charbon, et d'ouvrages en caoutchouc et en matière plastique",إنتاج مشتقات النفط والفحم الحجري والمنتوجات المطاطية والمواد البلاستيكية,0.05
14,industries_chimiques,15,Industries chimiques,الصناعات الكيميائية,1995,15-2,Autres industries chimiques,صناعات كيميائية أخرى,0.021
14,industries_chimiques,15,Industries chimiques,الصناعات الكيميائية,1999,22-1,Industries chimiques minérales,الصناعات الكيمياوية المعدنيّة,0.035
14,industries_chimiques,15,Industries chimiques,الصناعات الكيميائية,1999,22-2,Fabrication des produits minéraux divers,إنتاج المواد المعدنيّة المختلفة,0.035
14,industries_chimiques,15,Industries chimiques,الصناعات الكيميائية,1999,22-3,Fabrication d'engrais et industries de l'azote,إنتاج الأسمدة وصناعات الأزوت,0.035
14,industries_chimiques,15,Industries chimiques,الصناعات الكيميائية,1999,22-4,Industrie de la synthèse organique,صناعة التركيبات العضويّة,0.03
14,industries_chimiques,15,Industries chimiques,الصناعات الكيميائية,1999,22-5,Fabrication de produits pharmaceutiques,صناعة الأدوية والمستحضرات الصيدلية,0.025
14,industries_chimiques,15,Industries chimiques,الصناعات الكيميائية,1999,22-6,"Fabrication de peintures, vernis, pigments broyés",صناعة الدهن والفرنيز والصباغ المسحوقة,0.035
14,industries_chimiques,15,Industries chimiques,الصناعات الكيميائية,1999,22-7,Fabrication des produits insecticides et anticryptogamiques,صناعة المواد المبيدة والفطريّة,0.035
14,industries_chimiques,15,Industries chimiques,الصناعات الكيميائية,1999,22-8,"Fabrication d'explosifs industriels, d'accessoires, de mises à feu et d'artifices",صناعة المفرقعات الصناعية وتوابعها وأدوات الإشعال والشماريخ,0.035
14,industries_chimiques,15,Industries chimiques,الصناعات الكيميائية,1999,22-9,Forage de pétrole,التنقيب عن النفط,0.03
14,industries_chimiques,15,Industries chimiques,الصناعات الكيميائية,1999,22-10,Fabrication de gaz industriels,إنتاج الغاز الصناعي,0.035
14,industries_chimiques,15,Industries chimiques,الصناعات الكيميائية,1999,22-11,Raffinage de pétrole,مصفاة البترول,0.035
14,industries_chimiques,15,Industries chimiques,الصناعات الكيميائية,1999,22-12,Fabrication des dérivés du pétrole,صناعة مشتقات المواد البترولية,0.035
14,industries_chimiques,15,Industries chimiques,الصناعات الكيميائية,1999,22-13,Fabrication de caoutchouc et d'ouvrages en caoutchouc,صناعة المطاط والمنتوجات المطاطية,0.021
14,industries_chimiques,15,Industries chimiques,الصناعات الكيميائية,1999,22-14,Fabrication d'ouvrages en matière plastique et de la mousse,صناعة المواد البلاستيكية ورغوة البلاستيك,0.021
14,industries_chimiques,15,Industries chimiques,الصناعات الكيميائية,1999,22-15,"Fabrication de savons, de parfums et de produits d'entretien",صناعة الصابون والعطور ومواد التنظيف,0.021
14,industries_chimiques,15,Industries chimiques,الصناعات الكيميائية,1999,22-16,Autres industries chimiques,صناعات كيمياويّة أخرى,0.021
15,batiment_et_travaux_publics,16,Bâtiment et travaux publics,البناء والأشغال العامة,1995,16,Bâtiment et travaux publics,البناء والأشغال العامة,0.038
15,batiment_et_travaux_publics,16,Bâtiment et travaux publics,البناء والأشغال العامة,1999,23,Bâtiment et travaux publics,البناء والأشغال العامة,0.038
16,transport_et_manutention,17,Transport et manutention,النقل والشحن والترصيف,1995,17,Transport et manutention,النقل والشحن والترصيف,0.045
16,transport_et_manutention,17,Transport et manutention,النقل والشحن والترصيف,1999,27-1,Transports terrestres,النقل البريّ,0.04
16,transport_et_manutention,17,Transport et manutention,النقل والشحن والترصيف,1999,27-2,Transports maritimes,النقل البحريّ,0.03
16,transport_et_manutention,17,Transport et manutention,النقل والشحن والترصيف,1999,27-3,Transports aériens,النقل الجويّ,0.03
16,transport_et_manutention,17,Transport et manutention,النقل والشحن والترصيف,1999,27-4,Manutention et entreposage,الشحن والترصيف,0.04
17,industries_extractives,18,Industries extractives,الصناعات الإستخراجية,1995,18,Industries extractives,الصناعات الإستخراجية,0.05
17,industries_extractives,18,Industries extractives,الصناعات الإستخراجية,1999,29,Industries extractives,الصناعات الإستخراجيّة,0.035
18,_sans_1995,,Secteurs de 1999 sans classe en 1995,قطاعات 1999 دون صنف مقابل في 1995,1999,4,Secteur des industries artisanales,قطاع الصناعات التقليدية,0.005
18,_sans_1995,,Secteurs de 1999 sans classe en 1995,قطاعات 1999 دون صنف مقابل في 1995,1999,7,Industries du tabac,صناعة التبغ,0.016
18,_sans_1995,,Secteurs de 1999 sans classe en 1995,قطاعات 1999 دون صنف مقابل في 1995,1999,9-1,Fabrication de machines et équipements mécaniques,صناعة الآلات والمعدات الميكانيكية,0.024
18,_sans_1995,,Secteurs de 1999 sans classe en 1995,قطاعات 1999 دون صنف مقابل في 1995,1999,9-2,Fabrication d'équipements et d'appareils domestiques,صناعة المعدات والتجهيزات المنزلية,0.024
18,_sans_1995,,Secteurs de 1999 sans classe en 1995,قطاعات 1999 دون صنف مقابل في 1995,1999,9-3,Fabrication automobile et de matériel de transport,صناعة السيارات ووسائل النقل,0.024
18,_sans_1995,,Secteurs de 1999 sans classe en 1995,قطاعات 1999 دون صنف مقابل في 1995,1999,10,Industrie de fonderie et sidérurgie,الصناعات المعدنية والمسابك,0.026
18,_sans_1995,,Secteurs de 1999 sans classe en 1995,قطاعات 1999 دون صنف مقابل في 1995,1999,11,Fabrication de machines et appareils électriques,صناعة الآلات والمعدات الكهربائية,0.013
18,_sans_1995,,Secteurs de 1999 sans classe en 1995,قطاعات 1999 دون صنف مقابل في 1995,1999,12,Fabrication de machines de bureau et de matériels informatiques,صناعة الآلات المكتبية والحاسوب,0.013
18,_sans_1995,,Secteurs de 1999 sans classe en 1995,قطاعات 1999 دون صنف مقابل في 1995,1999,13,Fabrication d'accumulateurs et de piles électriques,صناعة البطاريات,0.017
18,_sans_1995,,Secteurs de 1999 sans classe en 1995,قطاعات 1999 دون صنف مقابل في 1995,1999,16,Industrie du meuble et de menuiserie,صناعة الأثاث والنجارة,0.02
18,_sans_1995,,Secteurs de 1999 sans classe en 1995,قطاعات 1999 دون صنف مقابل في 1995,1999,24-1,"Installation de menuiserie de bois, de menuiserie métallique et serrurerie",أشغال تركيب المصنوعات الخشبيّة والمعدنيّة والأقفال,0.03
18,_sans_1995,,Secteurs de 1999 sans classe en 1995,قطاعات 1999 دون صنف مقابل في 1995,1999,24-2,Travaux de plomberie et d'installation d'équipements thermiques et de climatisation,أعمال السباكة وتركيب أجهزة التدفئة والتبريد,0.03
18,_sans_1995,,Secteurs de 1999 sans classe en 1995,قطاعات 1999 دون صنف مقابل في 1995,1999,24-3,Travaux de peinture et de vitrerie,أشغال الدهن وتركيب البلور,0.03
18,_sans_1995,,Secteurs de 1999 sans classe en 1995,قطاعات 1999 دون صنف مقابل في 1995,1999,24-4,Réalisation de charpentes et de couvertures,إنجاز البناءات المعدنيّة وأعمال التغطية,0.03
18,_sans_1995,,Secteurs de 1999 sans classe en 1995,قطاعات 1999 دون صنف مقابل في 1995,1999,24-5,Travaux d'installation électrique,تجهيز البناءات بالكهرباء,0.03
18,_sans_1995,,Secteurs de 1999 sans classe en 1995,قطاعات 1999 دون صنف مقابل في 1995,1999,24-6,Autres travaux d'installation et de finition,أشغال أخرى,0.03
18,_sans_1995,,Secteurs de 1999 sans classe en 1995,قطاعات 1999 دون صنف مقابل في 1995,1999,25,Construction et réparation navale,البناءات البحريّة,0.025
18,_sans_1995,,Secteurs de 1999 sans classe en 1995,قطاعات 1999 دون صنف مقابل في 1995,1999,26,Activités liées aux constructions et réparations navales,نشاطات مرتبطة بالبناءات البحريّة,0.025
18,_sans_1995,,Secteurs de 1999 sans classe en 1995,قطاعات 1999 دون صنف مقابل في 1995,1999,28,Auto-école,تعليم السياقة,0.04
18,_sans_1995,,Secteurs de 1999 sans classe en 1995,قطاعات 1999 دون صنف مقابل في 1995,1999,30,Location de la main-d'œuvre pour les services administratifs,كراء اليد العاملة للمصالح الإدارية,0.005
18,_sans_1995,,Secteurs de 1999 sans classe en 1995,قطاعات 1999 دون صنف مقابل في 1995,1999,31,Gardiennage,الحراسة,0.005
18,_sans_1995,,Secteurs de 1999 sans classe en 1995,قطاعات 1999 دون صنف مقابل في 1995,1999,32,Location de la main-d'œuvre autre que pour les services administratifs et le gardiennage,كراء اليد العاملة لغير المصالح الإدارية والحراسة,0.025
18,_sans_1995,,Secteurs de 1999 sans classe en 1995,قطاعات 1999 دون صنف مقابل في 1995,1999,33,Hôtellerie,النزل,0.005
18,_sans_1995,,Secteurs de 1999 sans classe en 1995,قطاعات 1999 دون صنف مقابل في 1995,1999,34-1,"Agence de voyage, catégorie A",وكالات الأسفار رخصة صنف أ,0.025
18,_sans_1995,,Secteurs de 1999 sans classe en 1995,قطاعات 1999 دون صنف مقابل في 1995,1999,34-2,"Agence de voyage, catégorie B",وكالات الأسفار رخصة صنف ب,0.005
18,_sans_1995,,Secteurs de 1999 sans classe en 1995,قطاعات 1999 دون صنف مقابل في 1995,1999,35-1,Avec atelier de réparation,مع وجود ورشة إصلاح,0.015
18,_sans_1995,,Secteurs de 1999 sans classe en 1995,قطاعات 1999 دون صنف مقابل في 1995,1999,35-2,Sans atelier de réparation,بدون وجود ورشة إصلاح,0.005
18,_sans_1995,,Secteurs de 1999 sans classe en 1995,قطاعات 1999 دون صنف مقابل في 1995,1999,36-1,Sans chauffeur et sans atelier de réparation,بدون سائق ولا ورشة إصلاح,0.005
18,_sans_1995,,Secteurs de 1999 sans classe en 1995,قطاعات 1999 دون صنف مقابل في 1995,1999,36-2,Avec atelier de réparation,مع وجود ورشة إصلاح,0.015
18,_sans_1995,,Secteurs de 1999 sans classe en 1995,قطاعات 1999 دون صنف مقابل في 1995,1999,36-3,Avec chauffeur,مع وجود سائق,0.025
18,_sans_1995,,Secteurs de 1999 sans classe en 1995,قطاعات 1999 دون صنف مقابل في 1995,1999,37,Les activités sportives,الأنشطة الرياضيّة,0.015
