case,date_effet,valeur,texte,lien
salaire_base.echelle_1.echelon_1,1993-06-01,181.137,"Avenant n° 3 à la convention collective nationale des assurances, agréé par arrêté du 7 septembre 1993",https://www.pist.tn/jort/1993/1993F/Jo07293.pdf
salaire_base.echelle_1.echelon_1,1994-06-01,192.877,"Avenant n° 3 à la convention collective nationale des assurances, agréé par arrêté du 7 septembre 1993",https://www.pist.tn/jort/1993/1993F/Jo07293.pdf
salaire_base.echelle_1.echelon_1,1995-06-01,204.617,"Avenant n° 3 à la convention collective nationale des assurances, agréé par arrêté du 7 septembre 1993",https://www.pist.tn/jort/1993/1993F/Jo07293.pdf
salaire_base.echelle_1.echelon_1,1996-06-01,222.617,"Avenant n° 4 à la convention collective nationale des assurances, agréé par arrêté du 24 juillet 1996",https://www.pist.tn/jort/1996/1996A/Ja06096.pdf
salaire_base.echelle_1.echelon_1,1997-06-01,240.617,"Avenant n° 4 à la convention collective nationale des assurances, agréé par arrêté du 24 juillet 1996",https://www.pist.tn/jort/1996/1996A/Ja06096.pdf
salaire_base.echelle_1.echelon_1,1998-06-01,258.617,"Avenant n° 4 à la convention collective nationale des assurances, agréé par arrêté du 24 juillet 1996",https://www.pist.tn/jort/1996/1996A/Ja06096.pdf
salaire_base.echelle_1.echelon_1,1999-06-01,279.617,"Avenant n° 5 à la convention collective nationale des assurances, agréé par arrêté du 9 juin 1999",https://www.pist.tn/jort/1999/1999A/Ja04899.pdf
salaire_base.echelle_1.echelon_1,2000-06-01,300.617,"Avenant n° 5 à la convention collective nationale des assurances, agréé par arrêté du 9 juin 1999",https://www.pist.tn/jort/1999/1999A/Ja04899.pdf
salaire_base.echelle_1.echelon_1,2001-06-01,321.617,"Avenant n° 5 à la convention collective nationale des assurances, agréé par arrêté du 9 juin 1999",https://www.pist.tn/jort/1999/1999A/Ja04899.pdf
salaire_base.echelle_1.echelon_1,2002-06-01,343.617,"Avenant n° 6 à la convention collective nationale des assurances, agréé par arrêté du 25 novembre 2002",https://www.pist.tn/jort/2002/2002A/Ja0982002.pdf
salaire_base.echelle_1.echelon_1,2003-06-01,365.617,"Avenant n° 6 à la convention collective nationale des assurances, agréé par arrêté du 25 novembre 2002",https://www.pist.tn/jort/2002/2002A/Ja0982002.pdf
salaire_base.echelle_1.echelon_1,2004-06-01,387.617,"Avenant n° 6 à la convention collective nationale des assurances, agréé par arrêté du 25 novembre 2002",https://www.pist.tn/jort/2002/2002A/Ja0982002.pdf
salaire_base.echelle_1.echelon_1,2005-06-01,410.617,"Avenant n° 7 à la convention collective sectorielle des assurances, agréé par arrêté du 24 mai 2007",https://www.pist.tn/jort/2007/2007A/Ja0442007.pdf
salaire_base.echelle_1.echelon_1,2006-06-01,433.617,"Avenant n° 7 à la convention collective sectorielle des assurances, agréé par arrêté du 24 mai 2007",https://www.pist.tn/jort/2007/2007A/Ja0442007.pdf
salaire_base.echelle_1.echelon_1,2007-06-01,456.617,"Avenant n° 7 à la convention collective sectorielle des assurances, agréé par arrêté du 24 mai 2007",https://www.pist.tn/jort/2007/2007A/Ja0442007.pdf
salaire_base.echelle_1.echelon_1,2008-06-01,489.617,"Avenant n° 8 à la convention collective sectorielle des assurances, agréé par arrêté du 1er juin 2009",https://www.pist.tn/jort/2009/2009A/Ja0452009.pdf
salaire_base.echelle_1.echelon_1,2009-06-01,522.617,"Avenant n° 8 à la convention collective sectorielle des assurances, agréé par arrêté du 1er juin 2009",https://www.pist.tn/jort/2009/2009A/Ja0452009.pdf
salaire_base.echelle_1.echelon_1,2010-06-01,555.617,"Avenant n° 8 à la convention collective sectorielle des assurances, agréé par arrêté du 1er juin 2009",https://www.pist.tn/jort/2009/2009A/Ja0452009.pdf
salaire_base.echelle_1.echelon_1,2011-06-01,605.617,"Avenant n° 9 à la convention collective sectorielle des assurances, agréé par arrêté du 21 mars 2012",https://www.pist.tn/jort/2012/2012A/Ja0232012.pdf
salaire_base.echelle_1.echelon_1,2012-06-01,670.617,"Avenant n° 10 à la convention collective sectorielle des assurances, agréé par arrêté du 16 décembre 2014",https://www.pist.tn/jort/2015/2015A/Ja0032015.pdf
salaire_base.echelle_1.echelon_1,2014-06-01,749.617,"Grille des salaires de l'avenant n° 11 à la convention collective sectorielle des assurances, agréé par arrêté du 16 décembre 2014",https://www.pist.tn/jort/2015/2015A/Ja0042015.pdf
salaire_base.echelle_1.echelon_1,2015-06-01,838.617,"Avenant n° 12 à la convention collective sectorielle des assurances, agréé par arrêté du 5 avril 2016",https://www.pist.tn/jort/2016/2016A/Ja0292016.pdf
salaire_base.echelle_1.echelon_1,2016-06-01,938.617,"Avenant n° 13 à la convention collective sectorielle des assurances, agréé par arrêté du 3 juillet 2017",https://www.pist.tn/jort/2017/2017A/Ja0532017.pdf
salaire_base.echelle_1.echelon_1,2017-06-01,1038.617,"Avenant n° 13 à la convention collective sectorielle des assurances, agréé par arrêté du 3 juillet 2017",https://www.pist.tn/jort/2017/2017A/Ja0532017.pdf
salaire_base.echelle_1.echelon_1,2018-06-01,1168.617,"Avenant n° 14 à la convention collective sectorielle des assurances, agréé par arrêté du 25 janvier 2019",https://www.pist.tn/jort/2019/2019A/Ja0112019.pdf
salaire_base.echelle_1.echelon_1,2019-06-01,1298.617,"Avenant n° 14 à la convention collective sectorielle des assurances, agréé par arrêté du 25 janvier 2019",https://www.pist.tn/jort/2019/2019A/Ja0112019.pdf
salaire_base.echelle_1.echelon_1,2020-10-01,1438.617,"Avenant n° 15 à la convention collective sectorielle des assurances, agréé par arrêté du 20 octobre 2022",https://www.pist.tn/jort/2022/2022A/Ja1162022.pdf
salaire_base.echelle_1.echelon_1,2021-06-01,1598.617,"Avenant n° 15 à la convention collective sectorielle des assurances, agréé par arrêté du 20 octobre 2022",https://www.pist.tn/jort/2022/2022A/Ja1162022.pdf
salaire_base.echelle_1.echelon_1,2026-01-01,,"Décret n° 2026-68 du 30 avril 2026, article premier",https://www.pist.tn/jort/2026/2026F/Jo0442026.pdf
salaire_base.echelle_21.echelon_12,1993-06-01,642.206,"Avenant n° 3 à la convention collective nationale des assurances, agréé par arrêté du 7 septembre 1993",https://www.pist.tn/jort/1993/1993F/Jo07293.pdf
salaire_base.echelle_21.echelon_12,1994-06-01,666.241,"Avenant n° 3 à la convention collective nationale des assurances, agréé par arrêté du 7 septembre 1993",https://www.pist.tn/jort/1993/1993F/Jo07293.pdf
salaire_base.echelle_21.echelon_12,1995-06-01,690.276,"Avenant n° 3 à la convention collective nationale des assurances, agréé par arrêté du 7 septembre 1993",https://www.pist.tn/jort/1993/1993F/Jo07293.pdf
salaire_base.echelle_21.echelon_12,1996-06-01,717.276,"Avenant n° 4 à la convention collective nationale des assurances, agréé par arrêté du 24 juillet 1996",https://www.pist.tn/jort/1996/1996A/Ja06096.pdf
salaire_base.echelle_21.echelon_12,1997-06-01,744.276,"Avenant n° 4 à la convention collective nationale des assurances, agréé par arrêté du 24 juillet 1996",https://www.pist.tn/jort/1996/1996A/Ja06096.pdf
salaire_base.echelle_21.echelon_12,1998-06-01,771.276,"Avenant n° 4 à la convention collective nationale des assurances, agréé par arrêté du 24 juillet 1996",https://www.pist.tn/jort/1996/1996A/Ja06096.pdf
salaire_base.echelle_21.echelon_12,1999-06-01,803.276,"Avenant n° 5 à la convention collective nationale des assurances, agréé par arrêté du 9 juin 1999",https://www.pist.tn/jort/1999/1999A/Ja04899.pdf
salaire_base.echelle_21.echelon_12,2000-06-01,835.276,"Avenant n° 5 à la convention collective nationale des assurances, agréé par arrêté du 9 juin 1999",https://www.pist.tn/jort/1999/1999A/Ja04899.pdf
salaire_base.echelle_21.echelon_12,2001-06-01,867.276,"Avenant n° 5 à la convention collective nationale des assurances, agréé par arrêté du 9 juin 1999",https://www.pist.tn/jort/1999/1999A/Ja04899.pdf
salaire_base.echelle_21.echelon_12,2002-06-01,900.276,"Avenant n° 6 à la convention collective nationale des assurances, agréé par arrêté du 25 novembre 2002",https://www.pist.tn/jort/2002/2002A/Ja0982002.pdf
salaire_base.echelle_21.echelon_12,2003-06-01,933.276,"Avenant n° 6 à la convention collective nationale des assurances, agréé par arrêté du 25 novembre 2002",https://www.pist.tn/jort/2002/2002A/Ja0982002.pdf
salaire_base.echelle_21.echelon_12,2004-06-01,966.276,"Avenant n° 6 à la convention collective nationale des assurances, agréé par arrêté du 25 novembre 2002",https://www.pist.tn/jort/2002/2002A/Ja0982002.pdf
salaire_base.echelle_21.echelon_12,2005-06-01,1007.276,"Avenant n° 7 à la convention collective sectorielle des assurances, agréé par arrêté du 24 mai 2007",https://www.pist.tn/jort/2007/2007A/Ja0442007.pdf
salaire_base.echelle_21.echelon_12,2006-06-01,1048.276,"Avenant n° 7 à la convention collective sectorielle des assurances, agréé par arrêté du 24 mai 2007",https://www.pist.tn/jort/2007/2007A/Ja0442007.pdf
salaire_base.echelle_21.echelon_12,2007-06-01,1089.276,"Avenant n° 7 à la convention collective sectorielle des assurances, agréé par arrêté du 24 mai 2007",https://www.pist.tn/jort/2007/2007A/Ja0442007.pdf
salaire_base.echelle_21.echelon_12,2008-06-01,1149.276,"Avenant n° 8 à la convention collective sectorielle des assurances, agréé par arrêté du 1er juin 2009",https://www.pist.tn/jort/2009/2009A/Ja0452009.pdf
salaire_base.echelle_21.echelon_12,2009-06-01,1209.276,"Avenant n° 8 à la convention collective sectorielle des assurances, agréé par arrêté du 1er juin 2009",https://www.pist.tn/jort/2009/2009A/Ja0452009.pdf
salaire_base.echelle_21.echelon_12,2010-06-01,1269.276,"Avenant n° 8 à la convention collective sectorielle des assurances, agréé par arrêté du 1er juin 2009",https://www.pist.tn/jort/2009/2009A/Ja0452009.pdf
salaire_base.echelle_21.echelon_12,2011-06-01,1370.276,"Avenant n° 9 à la convention collective sectorielle des assurances, agréé par arrêté du 21 mars 2012",https://www.pist.tn/jort/2012/2012A/Ja0232012.pdf
salaire_base.echelle_21.echelon_12,2012-06-01,1486.276,"Avenant n° 10 à la convention collective sectorielle des assurances, agréé par arrêté du 16 décembre 2014",https://www.pist.tn/jort/2015/2015A/Ja0032015.pdf
salaire_base.echelle_21.echelon_12,2014-06-01,1616.276,"Grille des salaires de l'avenant n° 11 à la convention collective sectorielle des assurances, agréé par arrêté du 16 décembre 2014",https://www.pist.tn/jort/2015/2015A/Ja0042015.pdf
salaire_base.echelle_21.echelon_12,2015-06-01,1756.276,"Avenant n° 12 à la convention collective sectorielle des assurances, agréé par arrêté du 5 avril 2016",https://www.pist.tn/jort/2016/2016A/Ja0292016.pdf
salaire_base.echelle_21.echelon_12,2016-06-01,1914.276,"Avenant n° 13 à la convention collective sectorielle des assurances, agréé par arrêté du 3 juillet 2017",https://www.pist.tn/jort/2017/2017A/Ja0532017.pdf
salaire_base.echelle_21.echelon_12,2017-06-01,2072.276,"Avenant n° 13 à la convention collective sectorielle des assurances, agréé par arrêté du 3 juillet 2017",https://www.pist.tn/jort/2017/2017A/Ja0532017.pdf
salaire_base.echelle_21.echelon_12,2018-06-01,2260.276,"Avenant n° 14 à la convention collective sectorielle des assurances, agréé par arrêté du 25 janvier 2019",https://www.pist.tn/jort/2019/2019A/Ja0112019.pdf
salaire_base.echelle_21.echelon_12,2019-06-01,2448.276,"Avenant n° 14 à la convention collective sectorielle des assurances, agréé par arrêté du 25 janvier 2019",https://www.pist.tn/jort/2019/2019A/Ja0112019.pdf
salaire_base.echelle_21.echelon_12,2020-10-01,2646.276,"Avenant n° 15 à la convention collective sectorielle des assurances, agréé par arrêté du 20 octobre 2022",https://www.pist.tn/jort/2022/2022A/Ja1162022.pdf
salaire_base.echelle_21.echelon_12,2021-06-01,2881.276,"Avenant n° 15 à la convention collective sectorielle des assurances, agréé par arrêté du 20 octobre 2022",https://www.pist.tn/jort/2022/2022A/Ja1162022.pdf
salaire_base.echelle_21.echelon_12,2026-01-01,,"Décret n° 2026-68 du 30 avril 2026, article premier",https://www.pist.tn/jort/2026/2026F/Jo0442026.pdf
salaire_base.echelle_21.echelon_13,1999-06-01,821.588,"Avenant n° 5 à la convention collective nationale des assurances, agréé par arrêté du 9 juin 1999",https://www.pist.tn/jort/1999/1999A/Ja04899.pdf
salaire_base.echelle_21.echelon_13,2000-06-01,853.588,"Avenant n° 5 à la convention collective nationale des assurances, agréé par arrêté du 9 juin 1999",https://www.pist.tn/jort/1999/1999A/Ja04899.pdf
salaire_base.echelle_21.echelon_13,2001-06-01,885.588,"Avenant n° 5 à la convention collective nationale des assurances, agréé par arrêté du 9 juin 1999",https://www.pist.tn/jort/1999/1999A/Ja04899.pdf
salaire_base.echelle_21.echelon_13,2002-06-01,918.588,"Avenant n° 6 à la convention collective nationale des assurances, agréé par arrêté du 25 novembre 2002",https://www.pist.tn/jort/2002/2002A/Ja0982002.pdf
salaire_base.echelle_21.echelon_13,2003-06-01,951.588,"Avenant n° 6 à la convention collective nationale des assurances, agréé par arrêté du 25 novembre 2002",https://www.pist.tn/jort/2002/2002A/Ja0982002.pdf
salaire_base.echelle_21.echelon_13,2004-06-01,984.588,"Avenant n° 6 à la convention collective nationale des assurances, agréé par arrêté du 25 novembre 2002",https://www.pist.tn/jort/2002/2002A/Ja0982002.pdf
salaire_base.echelle_21.echelon_13,2005-06-01,1025.588,"Avenant n° 7 à la convention collective sectorielle des assurances, agréé par arrêté du 24 mai 2007",https://www.pist.tn/jort/2007/2007A/Ja0442007.pdf
salaire_base.echelle_21.echelon_13,2006-06-01,1066.588,"Avenant n° 7 à la convention collective sectorielle des assurances, agréé par arrêté du 24 mai 2007",https://www.pist.tn/jort/2007/2007A/Ja0442007.pdf
salaire_base.echelle_21.echelon_13,2007-06-01,1107.588,"Avenant n° 7 à la convention collective sectorielle des assurances, agréé par arrêté du 24 mai 2007",https://www.pist.tn/jort/2007/2007A/Ja0442007.pdf
salaire_base.echelle_21.echelon_13,2008-06-01,1167.588,"Avenant n° 8 à la convention collective sectorielle des assurances, agréé par arrêté du 1er juin 2009",https://www.pist.tn/jort/2009/2009A/Ja0452009.pdf
salaire_base.echelle_21.echelon_13,2009-06-01,1227.588,"Avenant n° 8 à la convention collective sectorielle des assurances, agréé par arrêté du 1er juin 2009",https://www.pist.tn/jort/2009/2009A/Ja0452009.pdf
salaire_base.echelle_21.echelon_13,2010-06-01,1287.588,"Avenant n° 8 à la convention collective sectorielle des assurances, agréé par arrêté du 1er juin 2009",https://www.pist.tn/jort/2009/2009A/Ja0452009.pdf
salaire_base.echelle_21.echelon_13,2011-06-01,1388.588,"Avenant n° 9 à la convention collective sectorielle des assurances, agréé par arrêté du 21 mars 2012",https://www.pist.tn/jort/2012/2012A/Ja0232012.pdf
salaire_base.echelle_21.echelon_13,2012-06-01,1504.588,"Avenant n° 10 à la convention collective sectorielle des assurances, agréé par arrêté du 16 décembre 2014",https://www.pist.tn/jort/2015/2015A/Ja0032015.pdf
salaire_base.echelle_21.echelon_13,2014-06-01,1634.588,"Grille des salaires de l'avenant n° 11 à la convention collective sectorielle des assurances, agréé par arrêté du 16 décembre 2014",https://www.pist.tn/jort/2015/2015A/Ja0042015.pdf
salaire_base.echelle_21.echelon_13,2015-06-01,1774.588,"Avenant n° 12 à la convention collective sectorielle des assurances, agréé par arrêté du 5 avril 2016",https://www.pist.tn/jort/2016/2016A/Ja0292016.pdf
salaire_base.echelle_21.echelon_13,2016-06-01,1932.588,"Avenant n° 13 à la convention collective sectorielle des assurances, agréé par arrêté du 3 juillet 2017",https://www.pist.tn/jort/2017/2017A/Ja0532017.pdf
salaire_base.echelle_21.echelon_13,2017-06-01,2090.588,"Avenant n° 13 à la convention collective sectorielle des assurances, agréé par arrêté du 3 juillet 2017",https://www.pist.tn/jort/2017/2017A/Ja0532017.pdf
salaire_base.echelle_21.echelon_13,2018-06-01,2278.588,"Avenant n° 14 à la convention collective sectorielle des assurances, agréé par arrêté du 25 janvier 2019",https://www.pist.tn/jort/2019/2019A/Ja0112019.pdf
salaire_base.echelle_21.echelon_13,2019-06-01,2466.588,"Avenant n° 14 à la convention collective sectorielle des assurances, agréé par arrêté du 25 janvier 2019",https://www.pist.tn/jort/2019/2019A/Ja0112019.pdf
salaire_base.echelle_21.echelon_13,2020-10-01,2664.588,"Avenant n° 15 à la convention collective sectorielle des assurances, agréé par arrêté du 20 octobre 2022",https://www.pist.tn/jort/2022/2022A/Ja1162022.pdf
salaire_base.echelle_21.echelon_13,2021-06-01,2899.588,"Avenant n° 15 à la convention collective sectorielle des assurances, agréé par arrêté du 20 octobre 2022",https://www.pist.tn/jort/2022/2022A/Ja1162022.pdf
salaire_base.echelle_21.echelon_13,2026-01-01,,"Décret n° 2026-68 du 30 avril 2026, article premier",https://www.pist.tn/jort/2026/2026F/Jo0442026.pdf
salaire_base.echelle_21.echelon_14,1999-06-01,839.9,"Avenant n° 5 à la convention collective nationale des assurances, agréé par arrêté du 9 juin 1999",https://www.pist.tn/jort/1999/1999A/Ja04899.pdf
salaire_base.echelle_21.echelon_14,2000-06-01,871.9,"Avenant n° 5 à la convention collective nationale des assurances, agréé par arrêté du 9 juin 1999",https://www.pist.tn/jort/1999/1999A/Ja04899.pdf
salaire_base.echelle_21.echelon_14,2001-06-01,903.9,"Avenant n° 5 à la convention collective nationale des assurances, agréé par arrêté du 9 juin 1999",https://www.pist.tn/jort/1999/1999A/Ja04899.pdf
salaire_base.echelle_21.echelon_14,2002-06-01,936.9,"Avenant n° 6 à la convention collective nationale des assurances, agréé par arrêté du 25 novembre 2002",https://www.pist.tn/jort/2002/2002A/Ja0982002.pdf
salaire_base.echelle_21.echelon_14,2003-06-01,969.9,"Avenant n° 6 à la convention collective nationale des assurances, agréé par arrêté du 25 novembre 2002",https://www.pist.tn/jort/2002/2002A/Ja0982002.pdf
salaire_base.echelle_21.echelon_14,2004-06-01,1002.9,"Avenant n° 6 à la convention collective nationale des assurances, agréé par arrêté du 25 novembre 2002",https://www.pist.tn/jort/2002/2002A/Ja0982002.pdf
salaire_base.echelle_21.echelon_14,2005-06-01,1043.9,"Avenant n° 7 à la convention collective sectorielle des assurances, agréé par arrêté du 24 mai 2007",https://www.pist.tn/jort/2007/2007A/Ja0442007.pdf
salaire_base.echelle_21.echelon_14,2006-06-01,1084.9,"Avenant n° 7 à la convention collective sectorielle des assurances, agréé par arrêté du 24 mai 2007",https://www.pist.tn/jort/2007/2007A/Ja0442007.pdf
salaire_base.echelle_21.echelon_14,2007-06-01,1125.9,"Avenant n° 7 à la convention collective sectorielle des assurances, agréé par arrêté du 24 mai 2007",https://www.pist.tn/jort/2007/2007A/Ja0442007.pdf
salaire_base.echelle_21.echelon_14,2008-06-01,1185.9,"Avenant n° 8 à la convention collective sectorielle des assurances, agréé par arrêté du 1er juin 2009",https://www.pist.tn/jort/2009/2009A/Ja0452009.pdf
salaire_base.echelle_21.echelon_14,2009-06-01,1245.9,"Avenant n° 8 à la convention collective sectorielle des assurances, agréé par arrêté du 1er juin 2009",https://www.pist.tn/jort/2009/2009A/Ja0452009.pdf
salaire_base.echelle_21.echelon_14,2010-06-01,1305.9,"Avenant n° 8 à la convention collective sectorielle des assurances, agréé par arrêté du 1er juin 2009",https://www.pist.tn/jort/2009/2009A/Ja0452009.pdf
salaire_base.echelle_21.echelon_14,2011-06-01,1406.9,"Avenant n° 9 à la convention collective sectorielle des assurances, agréé par arrêté du 21 mars 2012",https://www.pist.tn/jort/2012/2012A/Ja0232012.pdf
salaire_base.echelle_21.echelon_14,2012-06-01,1522.9,"Avenant n° 10 à la convention collective sectorielle des assurances, agréé par arrêté du 16 décembre 2014",https://www.pist.tn/jort/2015/2015A/Ja0032015.pdf
salaire_base.echelle_21.echelon_14,2014-06-01,1652.9,"Grille des salaires de l'avenant n° 11 à la convention collective sectorielle des assurances, agréé par arrêté du 16 décembre 2014",https://www.pist.tn/jort/2015/2015A/Ja0042015.pdf
salaire_base.echelle_21.echelon_14,2015-06-01,1792.9,"Avenant n° 12 à la convention collective sectorielle des assurances, agréé par arrêté du 5 avril 2016",https://www.pist.tn/jort/2016/2016A/Ja0292016.pdf
salaire_base.echelle_21.echelon_14,2016-06-01,1950.9,"Avenant n° 13 à la convention collective sectorielle des assurances, agréé par arrêté du 3 juillet 2017",https://www.pist.tn/jort/2017/2017A/Ja0532017.pdf
salaire_base.echelle_21.echelon_14,2017-06-01,2108.9,"Avenant n° 13 à la convention collective sectorielle des assurances, agréé par arrêté du 3 juillet 2017",https://www.pist.tn/jort/2017/2017A/Ja0532017.pdf
salaire_base.echelle_21.echelon_14,2018-06-01,2296.9,"Avenant n° 14 à la convention collective sectorielle des assurances, agréé par arrêté du 25 janvier 2019",https://www.pist.tn/jort/2019/2019A/Ja0112019.pdf
salaire_base.echelle_21.echelon_14,2019-06-01,2484.9,"Avenant n° 14 à la convention collective sectorielle des assurances, agréé par arrêté du 25 janvier 2019",https://www.pist.tn/jort/2019/2019A/Ja0112019.pdf
salaire_base.echelle_21.echelon_14,2020-10-01,2682.9,"Avenant n° 15 à la convention collective sectorielle des assurances, agréé par arrêté du 20 octobre 2022",https://www.pist.tn/jort/2022/2022A/Ja1162022.pdf
salaire_base.echelle_21.echelon_14,2021-06-01,2917.9,"Avenant n° 15 à la convention collective sectorielle des assurances, agréé par arrêté du 20 octobre 2022",https://www.pist.tn/jort/2022/2022A/Ja1162022.pdf
salaire_base.echelle_21.echelon_14,2026-01-01,,"Décret n° 2026-68 du 30 avril 2026, article premier",https://www.pist.tn/jort/2026/2026F/Jo0442026.pdf
