annee,indicateur,valeur,unite,denominateur,source,note
1980,affiliés actifs,223000.0,personnes,Banque mondiale 1993 : cotisations de pension ÷ taux légal (12 %),"Banque mondiale, The Social Protection System, rapport 11376-TUN (1993), annexe statistique, tableau 3, p. 85 (montants), tableau 5, p. 87 (effectifs), lecture image ; série bm1993-caisses","« active pop. », milliers à la deuxième décimale ; 223,00 milliers en 1980, 359,68 en 1985 (+61 %), saut non commenté par la source"
1985,affiliés actifs,359680.0,personnes,Banque mondiale 1993 : cotisations de pension ÷ taux légal (12 %),"Banque mondiale, The Social Protection System, rapport 11376-TUN (1993), annexe statistique, tableau 3, p. 85 (montants), tableau 5, p. 87 (effectifs), lecture image ; série bm1993-caisses","« active pop. », milliers à la deuxième décimale ; 223,00 milliers en 1980, 359,68 en 1985 (+61 %), saut non commenté par la source"
1986,affiliés actifs,369810.0,personnes,Banque mondiale 1993 : cotisations de pension ÷ taux légal (12 %),"Banque mondiale, The Social Protection System, rapport 11376-TUN (1993), annexe statistique, tableau 3, p. 85 (montants), tableau 5, p. 87 (effectifs), lecture image ; série bm1993-caisses","« active pop. », milliers à la deuxième décimale"
1987,affiliés actifs,380230.0,personnes,Banque mondiale 1993 : cotisations de pension ÷ taux légal (12 %),"Banque mondiale, The Social Protection System, rapport 11376-TUN (1993), annexe statistique, tableau 3, p. 85 (montants), tableau 5, p. 87 (effectifs), lecture image ; série bm1993-caisses","« active pop. », milliers à la deuxième décimale"
1988,affiliés actifs,395020.0,personnes,Banque mondiale 1993 : cotisations de pension ÷ taux légal (12 %),"Banque mondiale, The Social Protection System, rapport 11376-TUN (1993), annexe statistique, tableau 3, p. 85 (montants), tableau 5, p. 87 (effectifs), lecture image ; série bm1993-caisses","« active pop. », milliers à la deuxième décimale"
1989,affiliés actifs,408680.0,personnes,Banque mondiale 1993 : cotisations de pension ÷ taux légal (12 %),"Banque mondiale, The Social Protection System, rapport 11376-TUN (1993), annexe statistique, tableau 3, p. 85 (montants), tableau 5, p. 87 (effectifs), lecture image ; série bm1993-caisses","« active pop. », milliers à la deuxième décimale"
1990,affiliés actifs,424630.0,personnes,Banque mondiale 1993 : cotisations de pension ÷ taux légal (12 %),"Banque mondiale, The Social Protection System, rapport 11376-TUN (1993), annexe statistique, tableau 3, p. 85 (montants), tableau 5, p. 87 (effectifs), lecture image ; série bm1993-caisses","« active pop. », milliers à la deuxième décimale"
1991,affiliés actifs,438240.0,personnes,Banque mondiale 1993 : cotisations de pension ÷ taux légal (12 %),"Banque mondiale, The Social Protection System, rapport 11376-TUN (1993), annexe statistique, tableau 3, p. 85 (montants), tableau 5, p. 87 (effectifs), lecture image ; série bm1993-caisses","« active pop. », milliers à la deuxième décimale"
2000,affiliés actifs,531449.0,personnes,masse salariale de l'État (approximation),"CNRPS, guide statistique 2000-2010, p. 9, lecture image",effectif de fin d'année
2001,affiliés actifs,541992.0,personnes,masse salariale de l'État (approximation),"CNRPS, guide statistique 2000-2010, p. 9, lecture image",effectif de fin d'année
2002,affiliés actifs,551519.0,personnes,masse salariale de l'État (approximation),"CNRPS, guide statistique 2000-2010, p. 9, lecture image",effectif de fin d'année
2003,affiliés actifs,565496.0,personnes,masse salariale de l'État (approximation),"CNRPS, guide statistique 2000-2010, p. 9, lecture image",effectif de fin d'année
2004,affiliés actifs,581594.0,personnes,masse salariale de l'État (approximation),"CNRPS, guide statistique 2000-2010, p. 9, lecture image",effectif de fin d'année
2005,affiliés actifs,593802.0,personnes,masse salariale de l'État (approximation),"CNRPS, guide statistique 2000-2010, p. 9, lecture image",effectif de fin d'année
2006,affiliés actifs,599697.0,personnes,masse salariale de l'État (approximation),"CNRPS, guide statistique 2000-2010, p. 9, lecture image",effectif de fin d'année
2007,affiliés actifs,615418.0,personnes,masse salariale de l'État (approximation),"CNRPS, guide statistique 2000-2010, p. 9, lecture image",effectif de fin d'année
2008,affiliés actifs,619928.0,personnes,masse salariale de l'État (approximation),"CNRPS, guide statistique 2000-2010, p. 9, lecture image",effectif de fin d'année
2009,affiliés actifs,632986.0,personnes,masse salariale de l'État (approximation),"CNRPS, guide statistique 2000-2010, p. 9, lecture image",effectif de fin d'année
2010,affiliés actifs,646033.0,personnes,masse salariale de l'État (approximation),"CNRPS, guide statistique 2000-2010, p. 9, lecture image",effectif de fin d'année
2011,affiliés actifs,677692.0,personnes,masse salariale de l'État (approximation),"CNRPS, guide statistique 2010-2014, p. 12, lecture image",effectif de fin d'année
2012,affiliés actifs,715274.0,personnes,masse salariale de l'État (approximation),"CNRPS, guide statistique 2010-2014, p. 12, lecture image",effectif de fin d'année
2013,affiliés actifs,739678.0,personnes,masse salariale de l'État (approximation),"CNRPS, rapport d'activité 2016, p. 16, lecture texte, recoupé par le rapport 2017 p. 23",effectif de fin d'année
2014,affiliés actifs,750514.0,personnes,cotisations,"CNRPS, rapport d'activité 2016, p. 16, lecture texte, recoupé par le rapport 2017 p. 23",effectif de fin d'année
2015,affiliés actifs,763724.0,personnes,cotisations,"CNRPS, rapport d'activité 2016, p. 16, lecture texte, recoupé par le rapport 2017 p. 23",effectif de fin d'année
2016,affiliés actifs,779742.0,personnes,cotisations,"CNRPS, rapport d'activité 2016, p. 16, lecture texte, recoupé par le rapport 2020 p. 41",effectif de fin d'année
2017,affiliés actifs,782304.0,personnes,cotisations,"CNRPS, rapport d'activité 2017, p. 23, lecture texte, recoupé par le rapport 2020 p. 41",effectif de fin d'année
2018,affiliés actifs,765745.0,personnes,cotisations,"CNRPS, rapport d'activité 2018, p. 26, lecture texte, recoupé par le rapport 2020 p. 41",effectif de fin d'année
2019,affiliés actifs,764438.0,personnes,cotisations reconstituées,"CNRPS, rapport d'activité 2020, p. 41, lecture texte",effectif de fin d'année
2020,affiliés actifs,776504.0,personnes,cotisations reconstituées,"CNRPS, rapport d'activité 2020, p. 41, lecture texte",effectif de fin d'année
2021,affiliés actifs,773800.0,personnes,estimation : charges de la caisse × part des pensions 2019-2020 ; masse salariale de l'État × rapport assiette / masse de 2020,"Ministère des finances, rapport sur les entreprises publiques (annexe 9 au projet de loi de finances), rapport EP, LF 2024 (ar), tableau 28, p. 68","publiés en milliers à la décimale ; égaux aux affiliés actifs de la caisse en 2020 (776,5 milliers contre 776 504) ; non trouvés après 2021 dans les documents lus"
1980,dépenses du régime de retraite (numérateur),29.3,millions de dinars,Banque mondiale 1993 : cotisations de pension ÷ taux légal (12 %),"Banque mondiale, The Social Protection System, rapport 11376-TUN (1993), annexe statistique, tableau 3, p. 85 (montants), tableau 5, p. 87 (effectifs), lecture image ; série bm1993-caisses",« Pensions (incl. family benefits) » : prestations familiales servies aux pensionnés comprises ; sans raccord avec 2000
1985,dépenses du régime de retraite (numérateur),64.5,millions de dinars,Banque mondiale 1993 : cotisations de pension ÷ taux légal (12 %),"Banque mondiale, The Social Protection System, rapport 11376-TUN (1993), annexe statistique, tableau 3, p. 85 (montants), tableau 5, p. 87 (effectifs), lecture image ; série bm1993-caisses",« Pensions (incl. family benefits) » : prestations familiales servies aux pensionnés comprises ; sans raccord avec 2000
1986,dépenses du régime de retraite (numérateur),82.1,millions de dinars,Banque mondiale 1993 : cotisations de pension ÷ taux légal (12 %),"Banque mondiale, The Social Protection System, rapport 11376-TUN (1993), annexe statistique, tableau 3, p. 85 (montants), tableau 5, p. 87 (effectifs), lecture image ; série bm1993-caisses",« Pensions (incl. family benefits) » : prestations familiales servies aux pensionnés comprises ; sans raccord avec 2000
1987,dépenses du régime de retraite (numérateur),94.5,millions de dinars,Banque mondiale 1993 : cotisations de pension ÷ taux légal (12 %),"Banque mondiale, The Social Protection System, rapport 11376-TUN (1993), annexe statistique, tableau 3, p. 85 (montants), tableau 5, p. 87 (effectifs), lecture image ; série bm1993-caisses",« Pensions (incl. family benefits) » : prestations familiales servies aux pensionnés comprises ; sans raccord avec 2000
1988,dépenses du régime de retraite (numérateur),116.2,millions de dinars,Banque mondiale 1993 : cotisations de pension ÷ taux légal (12 %),"Banque mondiale, The Social Protection System, rapport 11376-TUN (1993), annexe statistique, tableau 3, p. 85 (montants), tableau 5, p. 87 (effectifs), lecture image ; série bm1993-caisses",« Pensions (incl. family benefits) » : prestations familiales servies aux pensionnés comprises ; sans raccord avec 2000
1989,dépenses du régime de retraite (numérateur),137.4,millions de dinars,Banque mondiale 1993 : cotisations de pension ÷ taux légal (12 %),"Banque mondiale, The Social Protection System, rapport 11376-TUN (1993), annexe statistique, tableau 3, p. 85 (montants), tableau 5, p. 87 (effectifs), lecture image ; série bm1993-caisses",« Pensions (incl. family benefits) » : prestations familiales servies aux pensionnés comprises ; sans raccord avec 2000
1990,dépenses du régime de retraite (numérateur),152.7,millions de dinars,Banque mondiale 1993 : cotisations de pension ÷ taux légal (12 %),"Banque mondiale, The Social Protection System, rapport 11376-TUN (1993), annexe statistique, tableau 3, p. 85 (montants), tableau 5, p. 87 (effectifs), lecture image ; série bm1993-caisses",« Pensions (incl. family benefits) » : prestations familiales servies aux pensionnés comprises ; sans raccord avec 2000
1991,dépenses du régime de retraite (numérateur),176.9,millions de dinars,Banque mondiale 1993 : cotisations de pension ÷ taux légal (12 %),"Banque mondiale, The Social Protection System, rapport 11376-TUN (1993), annexe statistique, tableau 3, p. 85 (montants), tableau 5, p. 87 (effectifs), lecture image ; série bm1993-caisses",« Pensions (incl. family benefits) » : prestations familiales servies aux pensionnés comprises ; sans raccord avec 2000
2000,dépenses du régime de retraite (numérateur),537.445,millions de dinars,masse salariale de l'État (approximation),"CNRPS, guide statistique 2000-2010, p. 41 (« إيرادات ونفقات الأنظمة الإجتماعية »), lecture image",ensemble des régimes de retraite gérés par la caisse ; toutes natures de pension
2001,dépenses du régime de retraite (numérateur),591.757,millions de dinars,masse salariale de l'État (approximation),"CNRPS, guide statistique 2000-2010, p. 41 (« إيرادات ونفقات الأنظمة الإجتماعية »), lecture image",ensemble des régimes de retraite gérés par la caisse ; toutes natures de pension
2002,dépenses du régime de retraite (numérateur),666.627,millions de dinars,masse salariale de l'État (approximation),"CNRPS, guide statistique 2000-2010, p. 41 (« إيرادات ونفقات الأنظمة الإجتماعية »), lecture image",ensemble des régimes de retraite gérés par la caisse ; toutes natures de pension
2003,dépenses du régime de retraite (numérateur),737.136,millions de dinars,masse salariale de l'État (approximation),"CNRPS, guide statistique 2000-2010, p. 41 (« إيرادات ونفقات الأنظمة الإجتماعية »), lecture image",ensemble des régimes de retraite gérés par la caisse ; toutes natures de pension
2004,dépenses du régime de retraite (numérateur),825.766,millions de dinars,masse salariale de l'État (approximation),"CNRPS, guide statistique 2000-2010, p. 41 (« إيرادات ونفقات الأنظمة الإجتماعية »), lecture image",ensemble des régimes de retraite gérés par la caisse ; toutes natures de pension
2005,dépenses du régime de retraite (numérateur),921.855,millions de dinars,masse salariale de l'État (approximation),"CNRPS, guide statistique 2000-2010, p. 41 (« إيرادات ونفقات الأنظمة الإجتماعية »), lecture image",ensemble des régimes de retraite gérés par la caisse ; toutes natures de pension
2006,dépenses du régime de retraite (numérateur),1033.159,millions de dinars,masse salariale de l'État (approximation),"CNRPS, guide statistique 2000-2010, p. 41 (« إيرادات ونفقات الأنظمة الإجتماعية »), lecture image",ensemble des régimes de retraite gérés par la caisse ; toutes natures de pension
2007,dépenses du régime de retraite (numérateur),1163.383,millions de dinars,masse salariale de l'État (approximation),"CNRPS, guide statistique 2000-2010, p. 41 (« إيرادات ونفقات الأنظمة الإجتماعية »), lecture image",ensemble des régimes de retraite gérés par la caisse ; toutes natures de pension
2008,dépenses du régime de retraite (numérateur),1300.309,millions de dinars,masse salariale de l'État (approximation),"CNRPS, guide statistique 2000-2010, p. 41 (« إيرادات ونفقات الأنظمة الإجتماعية »), lecture image",ensemble des régimes de retraite gérés par la caisse ; toutes natures de pension
2009,dépenses du régime de retraite (numérateur),1457.545,millions de dinars,masse salariale de l'État (approximation),"CNRPS, guide statistique 2000-2010, p. 41 (« إيرادات ونفقات الأنظمة الإجتماعية »), lecture image",ensemble des régimes de retraite gérés par la caisse ; toutes natures de pension
2010,dépenses du régime de retraite (numérateur),1680.922,millions de dinars,masse salariale de l'État (approximation),"CNRPS, guide statistique 2000-2010, p. 41 (« إيرادات ونفقات الأنظمة الإجتماعية »), lecture image",ensemble des régimes de retraite gérés par la caisse ; toutes natures de pension
2011,dépenses du régime de retraite (numérateur),1926.244,millions de dinars,masse salariale de l'État (approximation),"CNRPS, guide statistique 2010-2014, p. 36, lecture image",ensemble des régimes de retraite gérés par la caisse ; toutes natures de pension
2012,dépenses du régime de retraite (numérateur),2195.109,millions de dinars,masse salariale de l'État (approximation),"CNRPS, guide statistique 2010-2014, p. 36, lecture image",ensemble des régimes de retraite gérés par la caisse ; toutes natures de pension
2013,dépenses du régime de retraite (numérateur),2478.734,millions de dinars,masse salariale de l'État (approximation),"CNRPS, guide statistique 2010-2014, p. 36, lecture image",ensemble des régimes de retraite gérés par la caisse ; toutes natures de pension
2014,dépenses du régime de retraite (numérateur),2709.238,millions de dinars,cotisations,"CNRPS, guide statistique 2010-2014, p. 36, lecture image",ensemble des régimes de retraite gérés par la caisse ; toutes natures de pension
2015,dépenses du régime de retraite (numérateur),3121.236,millions de dinars,cotisations,"CNRPS, rapport d'activité 2018, p. 14, lecture texte, recoupé par le rapport 2017 p. 11",ensemble des régimes de retraite gérés par la caisse ; toutes natures de pension
2016,dépenses du régime de retraite (numérateur),3655.413,millions de dinars,cotisations,"CNRPS, rapport d'activité 2018, p. 14, lecture texte, recoupé par le rapport 2017 p. 11",ensemble des régimes de retraite gérés par la caisse ; toutes natures de pension
2017,dépenses du régime de retraite (numérateur),4275.011,millions de dinars,cotisations,"CNRPS, rapport d'activité 2018, p. 14, lecture texte, recoupé par le rapport 2020 p. 27 et 59",ensemble des régimes de retraite gérés par la caisse ; toutes natures de pension
2018,dépenses du régime de retraite (numérateur),4757.536,millions de dinars,cotisations,"CNRPS, rapport d'activité 2018, p. 14, lecture texte, recoupé par le rapport 2020 p. 27 et 59",ensemble des régimes de retraite gérés par la caisse ; toutes natures de pension
2019,dépenses du régime de retraite (numérateur),5613.863,millions de dinars,cotisations reconstituées,"CNRPS, rapport d'activité 2020, p. 59 (dépenses) et 27 (recettes), lecture texte",ensemble des régimes de retraite gérés par la caisse ; toutes natures de pension
2020,dépenses du régime de retraite (numérateur),5925.424,millions de dinars,cotisations reconstituées,"CNRPS, rapport d'activité 2020, p. 59 (dépenses) et 27 (recettes), lecture texte",ensemble des régimes de retraite gérés par la caisse ; toutes natures de pension
2021,dépenses du régime de retraite (numérateur),6517.302,millions de dinars,estimation : charges de la caisse × part des pensions 2019-2020 ; masse salariale de l'État × rapport assiette / masse de 2020,"Ministère des finances, rapport sur les entreprises publiques (annexe 9 au projet de loi de finances), rapport EP, LF 2025 (ar), p. 44 ; part : Ministère des finances, rapport sur les entreprises publiques (annexe 9 au projet de loi de finances), charges : rapport EP, LF 2023 (ar), tableau 23, p. 78 (2019), rapport EP, LF 2024 (ar), tableau 28, p. 68 (2020) ; dépenses du régime : CNRPS, rapport d'activité 2020, p. 59","ESTIMATION : total des charges d'exploitation de la caisse entière (6827,0 MD) × part des dépenses du régime de retraite dans ce total, moyenne 2019-2020 (0,9546 ; 0,9512 et 0,9581)"
2022,dépenses du régime de retraite (numérateur),6699.064,millions de dinars,estimation : charges de la caisse × part des pensions 2019-2020 ; masse salariale de l'État × rapport assiette / masse de 2020,"Ministère des finances, rapport sur les entreprises publiques (annexe 9 au projet de loi de finances), rapport EP, LF 2025 (ar), p. 44 ; part : Ministère des finances, rapport sur les entreprises publiques (annexe 9 au projet de loi de finances), charges : rapport EP, LF 2023 (ar), tableau 23, p. 78 (2019), rapport EP, LF 2024 (ar), tableau 28, p. 68 (2020) ; dépenses du régime : CNRPS, rapport d'activité 2020, p. 59","ESTIMATION : total des charges d'exploitation de la caisse entière (7017,4 MD) × part des dépenses du régime de retraite dans ce total, moyenne 2019-2020 (0,9546 ; 0,9512 et 0,9581)"
2023,dépenses du régime de retraite (numérateur),7383.634,millions de dinars,estimation : charges de la caisse × part des pensions 2019-2020 ; masse salariale de l'État × rapport assiette / masse de 2020,"Ministère des finances, rapport sur les entreprises publiques (annexe 9 au projet de loi de finances), rapport EP, LF 2025 (ar), p. 44 ; part : Ministère des finances, rapport sur les entreprises publiques (annexe 9 au projet de loi de finances), charges : rapport EP, LF 2023 (ar), tableau 23, p. 78 (2019), rapport EP, LF 2024 (ar), tableau 28, p. 68 (2020) ; dépenses du régime : CNRPS, rapport d'activité 2020, p. 59","ESTIMATION : total des charges d'exploitation de la caisse entière (7734,5 MD) × part des dépenses du régime de retraite dans ce total, moyenne 2019-2020 (0,9546 ; 0,9512 et 0,9581) ; valeur provisoire"
1980,masse des salaires soumis à cotisation (dénominateur),347.5,millions de dinars,Banque mondiale 1993 : cotisations de pension ÷ taux légal (12 %),"Banque mondiale, The Social Protection System, rapport 11376-TUN (1993), annexe statistique, tableau 3, p. 85 (montants), tableau 5, p. 87 (effectifs), lecture image ; série bm1993-caisses ; taux légaux : 5 % agent (loi n° 74-101, art. 38 ; loi n° 85-12, art. 9) + 7 % employeur (loi n° 74-101, art. 39 ; loi n° 85-12, art. 13) ; 12 % publiés pour 1991 par la Banque mondiale, rapport 11376-TUN, annexe statistique, tableau 6, p. 88","cotisations de pension (41,7 MD) ÷ 12 % ; avant le 12 septembre 1985, la retenue de l'agent était plafonnée jusqu'à l'indice 250 (loi n° 74-101, art. 38) : assiette plancher"
1985,masse des salaires soumis à cotisation (dénominateur),650.833,millions de dinars,Banque mondiale 1993 : cotisations de pension ÷ taux légal (12 %),"Banque mondiale, The Social Protection System, rapport 11376-TUN (1993), annexe statistique, tableau 3, p. 85 (montants), tableau 5, p. 87 (effectifs), lecture image ; série bm1993-caisses ; taux légaux : 5 % agent (loi n° 74-101, art. 38 ; loi n° 85-12, art. 9) + 7 % employeur (loi n° 74-101, art. 39 ; loi n° 85-12, art. 13) ; 12 % publiés pour 1991 par la Banque mondiale, rapport 11376-TUN, annexe statistique, tableau 6, p. 88","cotisations de pension (78,1 MD) ÷ 12 % ; avant le 12 septembre 1985, la retenue de l'agent était plafonnée jusqu'à l'indice 250 (loi n° 74-101, art. 38) : assiette plancher"
1986,masse des salaires soumis à cotisation (dénominateur),797.5,millions de dinars,Banque mondiale 1993 : cotisations de pension ÷ taux légal (12 %),"Banque mondiale, The Social Protection System, rapport 11376-TUN (1993), annexe statistique, tableau 3, p. 85 (montants), tableau 5, p. 87 (effectifs), lecture image ; série bm1993-caisses ; taux légaux : 5 % agent (loi n° 74-101, art. 38 ; loi n° 85-12, art. 9) + 7 % employeur (loi n° 74-101, art. 39 ; loi n° 85-12, art. 13) ; 12 % publiés pour 1991 par la Banque mondiale, rapport 11376-TUN, annexe statistique, tableau 6, p. 88","cotisations de pension (95,7 MD) ÷ 12 %"
1987,masse des salaires soumis à cotisation (dénominateur),827.5,millions de dinars,Banque mondiale 1993 : cotisations de pension ÷ taux légal (12 %),"Banque mondiale, The Social Protection System, rapport 11376-TUN (1993), annexe statistique, tableau 3, p. 85 (montants), tableau 5, p. 87 (effectifs), lecture image ; série bm1993-caisses ; taux légaux : 5 % agent (loi n° 74-101, art. 38 ; loi n° 85-12, art. 9) + 7 % employeur (loi n° 74-101, art. 39 ; loi n° 85-12, art. 13) ; 12 % publiés pour 1991 par la Banque mondiale, rapport 11376-TUN, annexe statistique, tableau 6, p. 88","cotisations de pension (99,3 MD) ÷ 12 %"
1988,masse des salaires soumis à cotisation (dénominateur),952.5,millions de dinars,Banque mondiale 1993 : cotisations de pension ÷ taux légal (12 %),"Banque mondiale, The Social Protection System, rapport 11376-TUN (1993), annexe statistique, tableau 3, p. 85 (montants), tableau 5, p. 87 (effectifs), lecture image ; série bm1993-caisses ; taux légaux : 5 % agent (loi n° 74-101, art. 38 ; loi n° 85-12, art. 9) + 7 % employeur (loi n° 74-101, art. 39 ; loi n° 85-12, art. 13) ; 12 % publiés pour 1991 par la Banque mondiale, rapport 11376-TUN, annexe statistique, tableau 6, p. 88","cotisations de pension (114,3 MD) ÷ 12 %"
1989,masse des salaires soumis à cotisation (dénominateur),1124.167,millions de dinars,Banque mondiale 1993 : cotisations de pension ÷ taux légal (12 %),"Banque mondiale, The Social Protection System, rapport 11376-TUN (1993), annexe statistique, tableau 3, p. 85 (montants), tableau 5, p. 87 (effectifs), lecture image ; série bm1993-caisses ; taux légaux : 5 % agent (loi n° 74-101, art. 38 ; loi n° 85-12, art. 9) + 7 % employeur (loi n° 74-101, art. 39 ; loi n° 85-12, art. 13) ; 12 % publiés pour 1991 par la Banque mondiale, rapport 11376-TUN, annexe statistique, tableau 6, p. 88","cotisations de pension (134,9 MD) ÷ 12 %"
1990,masse des salaires soumis à cotisation (dénominateur),1267.5,millions de dinars,Banque mondiale 1993 : cotisations de pension ÷ taux légal (12 %),"Banque mondiale, The Social Protection System, rapport 11376-TUN (1993), annexe statistique, tableau 3, p. 85 (montants), tableau 5, p. 87 (effectifs), lecture image ; série bm1993-caisses ; taux légaux : 5 % agent (loi n° 74-101, art. 38 ; loi n° 85-12, art. 9) + 7 % employeur (loi n° 74-101, art. 39 ; loi n° 85-12, art. 13) ; 12 % publiés pour 1991 par la Banque mondiale, rapport 11376-TUN, annexe statistique, tableau 6, p. 88","cotisations de pension (152,1 MD) ÷ 12 %"
1991,masse des salaires soumis à cotisation (dénominateur),1408.333,millions de dinars,Banque mondiale 1993 : cotisations de pension ÷ taux légal (12 %),"Banque mondiale, The Social Protection System, rapport 11376-TUN (1993), annexe statistique, tableau 3, p. 85 (montants), tableau 5, p. 87 (effectifs), lecture image ; série bm1993-caisses ; taux légaux : 5 % agent (loi n° 74-101, art. 38 ; loi n° 85-12, art. 9) + 7 % employeur (loi n° 74-101, art. 39 ; loi n° 85-12, art. 13) ; 12 % publiés pour 1991 par la Banque mondiale, rapport 11376-TUN, annexe statistique, tableau 6, p. 88","cotisations de pension (169,0 MD) ÷ 12 %"
2000,masse des salaires soumis à cotisation (dénominateur),3141.0,millions de dinars,masse salariale de l'État (approximation),"Ministère des finances, répartition économique des dépenses du budget de l'État, ligne « Rémunérations publiques » (série masse-salariale-ratios)","APPROXIMATION : masse salariale de l'État (contributions patronales, primes et rappels compris ; collectivités locales et établissements publics hors budget exclus)"
2001,masse des salaires soumis à cotisation (dénominateur),3424.8,millions de dinars,masse salariale de l'État (approximation),"Ministère des finances, répartition économique des dépenses du budget de l'État, ligne « Rémunérations publiques » (série masse-salariale-ratios)","APPROXIMATION : masse salariale de l'État (contributions patronales, primes et rappels compris ; collectivités locales et établissements publics hors budget exclus)"
2002,masse des salaires soumis à cotisation (dénominateur),3684.0,millions de dinars,masse salariale de l'État (approximation),"Ministère des finances, répartition économique des dépenses du budget de l'État, ligne « Rémunérations publiques » (série masse-salariale-ratios)","APPROXIMATION : masse salariale de l'État (contributions patronales, primes et rappels compris ; collectivités locales et établissements publics hors budget exclus)"
2003,masse des salaires soumis à cotisation (dénominateur),3968.0,millions de dinars,masse salariale de l'État (approximation),"Ministère des finances, répartition économique des dépenses du budget de l'État, ligne « Rémunérations publiques » (série masse-salariale-ratios)","APPROXIMATION : masse salariale de l'État (contributions patronales, primes et rappels compris ; collectivités locales et établissements publics hors budget exclus)"
2004,masse des salaires soumis à cotisation (dénominateur),4252.6,millions de dinars,masse salariale de l'État (approximation),"Ministère des finances, répartition économique des dépenses du budget de l'État, ligne « Rémunérations publiques » (série masse-salariale-ratios)","APPROXIMATION : masse salariale de l'État (contributions patronales, primes et rappels compris ; collectivités locales et établissements publics hors budget exclus)"
2005,masse des salaires soumis à cotisation (dénominateur),4591.0,millions de dinars,masse salariale de l'État (approximation),"Ministère des finances, répartition économique des dépenses du budget de l'État, ligne « Rémunérations publiques » (série masse-salariale-ratios)","APPROXIMATION : masse salariale de l'État (contributions patronales, primes et rappels compris ; collectivités locales et établissements publics hors budget exclus)"
2006,masse des salaires soumis à cotisation (dénominateur),4931.7,millions de dinars,masse salariale de l'État (approximation),"Ministère des finances, répartition économique des dépenses du budget de l'État, ligne « Rémunérations publiques » (série masse-salariale-ratios)","APPROXIMATION : masse salariale de l'État (contributions patronales, primes et rappels compris ; collectivités locales et établissements publics hors budget exclus)"
2007,masse des salaires soumis à cotisation (dénominateur),5327.5,millions de dinars,masse salariale de l'État (approximation),"Ministère des finances, répartition économique des dépenses du budget de l'État, ligne « Rémunérations publiques » (série masse-salariale-ratios)","APPROXIMATION : masse salariale de l'État (contributions patronales, primes et rappels compris ; collectivités locales et établissements publics hors budget exclus)"
2008,masse des salaires soumis à cotisation (dénominateur),5761.4,millions de dinars,masse salariale de l'État (approximation),"Ministère des finances, répartition économique des dépenses du budget de l'État, ligne « Rémunérations publiques » (série masse-salariale-ratios)","APPROXIMATION : masse salariale de l'État (contributions patronales, primes et rappels compris ; collectivités locales et établissements publics hors budget exclus)"
2009,masse des salaires soumis à cotisation (dénominateur),6298.7,millions de dinars,masse salariale de l'État (approximation),"Ministère des finances, répartition économique des dépenses du budget de l'État, ligne « Rémunérations publiques » (série masse-salariale-ratios)","APPROXIMATION : masse salariale de l'État (contributions patronales, primes et rappels compris ; collectivités locales et établissements publics hors budget exclus)"
2010,masse des salaires soumis à cotisation (dénominateur),6785.2,millions de dinars,masse salariale de l'État (approximation),"Ministère des finances, répartition économique des dépenses du budget de l'État, ligne « Rémunérations publiques » (série masse-salariale-ratios)","APPROXIMATION : masse salariale de l'État (contributions patronales, primes et rappels compris ; collectivités locales et établissements publics hors budget exclus)"
2011,masse des salaires soumis à cotisation (dénominateur),7679.4,millions de dinars,masse salariale de l'État (approximation),"Ministère des finances, répartition économique des dépenses du budget de l'État, ligne « Rémunérations publiques » (série masse-salariale-ratios)","APPROXIMATION : masse salariale de l'État (contributions patronales, primes et rappels compris ; collectivités locales et établissements publics hors budget exclus)"
2012,masse des salaires soumis à cotisation (dénominateur),8655.5,millions de dinars,masse salariale de l'État (approximation),"Ministère des finances, répartition économique des dépenses du budget de l'État, ligne « Rémunérations publiques » (série masse-salariale-ratios)","APPROXIMATION : masse salariale de l'État (contributions patronales, primes et rappels compris ; collectivités locales et établissements publics hors budget exclus)"
2013,masse des salaires soumis à cotisation (dénominateur),9608.0,millions de dinars,masse salariale de l'État (approximation),"Ministère des finances, répartition économique des dépenses du budget de l'État, ligne « Rémunérations publiques » (série masse-salariale-ratios)","APPROXIMATION : masse salariale de l'État (contributions patronales, primes et rappels compris ; collectivités locales et établissements publics hors budget exclus)"
2014,masse des salaires soumis à cotisation (dénominateur),10511.278,millions de dinars,cotisations,"CNRPS, états financiers 2015, p. 34, lecture texte ; taux légaux du régime général (loi n° 94-71 ; loi n° 2001-123, art. 85 ; loi n° 2007-43 ; décret-loi n° 2011-48 ; loi n° 2019-37, art. 4), moyenne des douze taux mensuels, série cnrps-regime-general-finances",cotisations salariales et patronales du régime général ÷ taux légal global moyen
2015,masse des salaires soumis à cotisation (dénominateur),11489.327,millions de dinars,cotisations,"CNRPS, états financiers 2016, p. 52, lecture texte, recoupé par états financiers 2015, p. 34 (identique ligne à ligne) ; taux légaux du régime général (loi n° 94-71 ; loi n° 2001-123, art. 85 ; loi n° 2007-43 ; décret-loi n° 2011-48 ; loi n° 2019-37, art. 4), moyenne des douze taux mensuels, série cnrps-regime-general-finances",cotisations salariales et patronales du régime général ÷ taux légal global moyen
2016,masse des salaires soumis à cotisation (dénominateur),13283.119,millions de dinars,cotisations,"CNRPS, états financiers 2016, p. 52, lecture texte ; taux légaux du régime général (loi n° 94-71 ; loi n° 2001-123, art. 85 ; loi n° 2007-43 ; décret-loi n° 2011-48 ; loi n° 2019-37, art. 4), moyenne des douze taux mensuels, série cnrps-regime-general-finances",cotisations salariales et patronales du régime général ÷ taux légal global moyen
2017,masse des salaires soumis à cotisation (dénominateur),14017.214,millions de dinars,cotisations,"CNRPS, états financiers 2018 (provisoires), p. 59, lecture texte ; taux légaux du régime général (loi n° 94-71 ; loi n° 2001-123, art. 85 ; loi n° 2007-43 ; décret-loi n° 2011-48 ; loi n° 2019-37, art. 4), moyenne des douze taux mensuels, série cnrps-regime-general-finances",cotisations salariales et patronales du régime général ÷ taux légal global moyen
2018,masse des salaires soumis à cotisation (dénominateur),14386.658,millions de dinars,cotisations,"CNRPS, états financiers 2018 (provisoires), p. 59, lecture texte ; taux légaux du régime général (loi n° 94-71 ; loi n° 2001-123, art. 85 ; loi n° 2007-43 ; décret-loi n° 2011-48 ; loi n° 2019-37, art. 4), moyenne des douze taux mensuels, série cnrps-regime-general-finances",cotisations salariales et patronales du régime général ÷ taux légal global moyen
2019,masse des salaires soumis à cotisation (dénominateur),16664.38,millions de dinars,cotisations reconstituées,"calcul sur états financiers 2018 (provisoires), p. 59 et HAUSSES (niveau 2018 + hausses des rapports d'activité 2019 et 2020) ; taux légaux du régime général (loi n° 94-71 ; loi n° 2001-123, art. 85 ; loi n° 2007-43 ; décret-loi n° 2011-48 ; loi n° 2019-37, art. 4), moyenne des douze taux mensuels, série cnrps-regime-general-finances",cotisations reconstituées ÷ taux légal global moyen ; à ± 1 MD près
2020,masse des salaires soumis à cotisation (dénominateur),18282.7,millions de dinars,cotisations reconstituées,"calcul sur états financiers 2018 (provisoires), p. 59 et HAUSSES (niveau 2018 + hausses des rapports d'activité 2019 et 2020) ; taux légaux du régime général (loi n° 94-71 ; loi n° 2001-123, art. 85 ; loi n° 2007-43 ; décret-loi n° 2011-48 ; loi n° 2019-37, art. 4), moyenne des douze taux mensuels, série cnrps-regime-general-finances",cotisations reconstituées ÷ taux légal global moyen ; à ± 1 MD près
2021,masse des salaires soumis à cotisation (dénominateur),19211.5,millions de dinars,estimation : charges de la caisse × part des pensions 2019-2020 ; masse salariale de l'État × rapport assiette / masse de 2020,"Ministère des finances, répartition économique des dépenses du budget de l'État, ligne « Rémunérations publiques » (série masse-salariale-ratios) ; rapport de 2020 : calcul","ESTIMATION : masse salariale de l'État (20175,4 MD) × rapport assiette tirée des cotisations / masse salariale de l'État de 2020 (0,952)"
2022,masse des salaires soumis à cotisation (dénominateur),20114.018,millions de dinars,estimation : charges de la caisse × part des pensions 2019-2020 ; masse salariale de l'État × rapport assiette / masse de 2020,"Ministère des finances, répartition économique des dépenses du budget de l'État, ligne « Rémunérations publiques » (série masse-salariale-ratios) ; rapport de 2020 : calcul","ESTIMATION : masse salariale de l'État (21123,2 MD) × rapport assiette tirée des cotisations / masse salariale de l'État de 2020 (0,952)"
2023,masse des salaires soumis à cotisation (dénominateur),20660.023,millions de dinars,estimation : charges de la caisse × part des pensions 2019-2020 ; masse salariale de l'État × rapport assiette / masse de 2020,"Ministère des finances, répartition économique des dépenses du budget de l'État, ligne « Rémunérations publiques » (série masse-salariale-ratios) ; rapport de 2020 : calcul","ESTIMATION : masse salariale de l'État (21696,6 MD) × rapport assiette tirée des cotisations / masse salariale de l'État de 2020 (0,952)"
1980,pension moyenne mensuelle,58.6,dinars par mois,Banque mondiale 1993 : cotisations de pension ÷ taux légal (12 %),calcul,numérateur ÷ pensionnés ÷ 12 ; prestations familiales des pensionnés comprises
1985,pension moyenne mensuelle,93.95,dinars par mois,Banque mondiale 1993 : cotisations de pension ÷ taux légal (12 %),calcul,numérateur ÷ pensionnés ÷ 12 ; prestations familiales des pensionnés comprises
1986,pension moyenne mensuelle,108.63,dinars par mois,Banque mondiale 1993 : cotisations de pension ÷ taux légal (12 %),calcul,numérateur ÷ pensionnés ÷ 12 ; prestations familiales des pensionnés comprises
1987,pension moyenne mensuelle,114.66,dinars par mois,Banque mondiale 1993 : cotisations de pension ÷ taux légal (12 %),calcul,numérateur ÷ pensionnés ÷ 12 ; prestations familiales des pensionnés comprises
1988,pension moyenne mensuelle,130.17,dinars par mois,Banque mondiale 1993 : cotisations de pension ÷ taux légal (12 %),calcul,numérateur ÷ pensionnés ÷ 12 ; prestations familiales des pensionnés comprises
1989,pension moyenne mensuelle,145.14,dinars par mois,Banque mondiale 1993 : cotisations de pension ÷ taux légal (12 %),calcul,numérateur ÷ pensionnés ÷ 12 ; prestations familiales des pensionnés comprises
1990,pension moyenne mensuelle,152.38,dinars par mois,Banque mondiale 1993 : cotisations de pension ÷ taux légal (12 %),calcul,numérateur ÷ pensionnés ÷ 12 ; prestations familiales des pensionnés comprises
1991,pension moyenne mensuelle,166.99,dinars par mois,Banque mondiale 1993 : cotisations de pension ÷ taux légal (12 %),calcul,numérateur ÷ pensionnés ÷ 12 ; prestations familiales des pensionnés comprises
2000,pension moyenne mensuelle,286.86,dinars par mois,masse salariale de l'État (approximation),calcul,numérateur ÷ pensions de toutes natures ÷ 12
2001,pension moyenne mensuelle,300.45,dinars par mois,masse salariale de l'État (approximation),calcul,numérateur ÷ pensions de toutes natures ÷ 12
2002,pension moyenne mensuelle,322.3,dinars par mois,masse salariale de l'État (approximation),calcul,numérateur ÷ pensions de toutes natures ÷ 12
2003,pension moyenne mensuelle,332.59,dinars par mois,masse salariale de l'État (approximation),calcul,numérateur ÷ pensions de toutes natures ÷ 12
2004,pension moyenne mensuelle,357.98,dinars par mois,masse salariale de l'État (approximation),calcul,numérateur ÷ pensions de toutes natures ÷ 12
2005,pension moyenne mensuelle,375.01,dinars par mois,masse salariale de l'État (approximation),calcul,numérateur ÷ pensions de toutes natures ÷ 12
2006,pension moyenne mensuelle,404.27,dinars par mois,masse salariale de l'État (approximation),calcul,numérateur ÷ pensions de toutes natures ÷ 12
2007,pension moyenne mensuelle,448.09,dinars par mois,masse salariale de l'État (approximation),calcul,numérateur ÷ pensions de toutes natures ÷ 12
2008,pension moyenne mensuelle,478.25,dinars par mois,masse salariale de l'État (approximation),calcul,numérateur ÷ pensions de toutes natures ÷ 12
2009,pension moyenne mensuelle,507.98,dinars par mois,masse salariale de l'État (approximation),calcul,numérateur ÷ pensions de toutes natures ÷ 12
2010,pension moyenne mensuelle,549.97,dinars par mois,masse salariale de l'État (approximation),calcul,numérateur ÷ pensions de toutes natures ÷ 12
2011,pension moyenne mensuelle,598.58,dinars par mois,masse salariale de l'État (approximation),calcul,numérateur ÷ pensions de toutes natures ÷ 12
2012,pension moyenne mensuelle,653.21,dinars par mois,masse salariale de l'État (approximation),calcul,numérateur ÷ pensions de toutes natures ÷ 12
2013,pension moyenne mensuelle,720.85,dinars par mois,masse salariale de l'État (approximation),calcul,numérateur ÷ pensions de toutes natures ÷ 12
2014,pension moyenne mensuelle,739.22,dinars par mois,cotisations,calcul,numérateur ÷ pensions de toutes natures ÷ 12
2015,pension moyenne mensuelle,798.74,dinars par mois,cotisations,calcul,numérateur ÷ pensions de toutes natures ÷ 12
2016,pension moyenne mensuelle,889.12,dinars par mois,cotisations,calcul,numérateur ÷ pensions de toutes natures ÷ 12
2017,pension moyenne mensuelle,992.42,dinars par mois,cotisations,calcul,numérateur ÷ pensions de toutes natures ÷ 12
2018,pension moyenne mensuelle,1036.85,dinars par mois,cotisations,calcul,numérateur ÷ pensions de toutes natures ÷ 12
2019,pension moyenne mensuelle,1190.27,dinars par mois,cotisations reconstituées,calcul,numérateur ÷ pensions de toutes natures ÷ 12
2020,pension moyenne mensuelle,1238.72,dinars par mois,cotisations reconstituées,calcul,numérateur ÷ pensions de toutes natures ÷ 12
2021,pension moyenne mensuelle,1333.11,dinars par mois,estimation : charges de la caisse × part des pensions 2019-2020 ; masse salariale de l'État × rapport assiette / masse de 2020,calcul,numérateur estimé ÷ pensions de toutes natures ÷ 12
1980,"pensions, toutes natures (nombre)",41670.0,pensions,Banque mondiale 1993 : cotisations de pension ÷ taux légal (12 %),"Banque mondiale, The Social Protection System, rapport 11376-TUN (1993), annexe statistique, tableau 3, p. 85 (montants), tableau 5, p. 87 (effectifs), lecture image ; série bm1993-caisses","« passive pop. », milliers à la deuxième décimale ; pensions ou personnes, non précisé"
1985,"pensions, toutes natures (nombre)",57210.0,pensions,Banque mondiale 1993 : cotisations de pension ÷ taux légal (12 %),"Banque mondiale, The Social Protection System, rapport 11376-TUN (1993), annexe statistique, tableau 3, p. 85 (montants), tableau 5, p. 87 (effectifs), lecture image ; série bm1993-caisses","« passive pop. », milliers à la deuxième décimale ; pensions ou personnes, non précisé"
1986,"pensions, toutes natures (nombre)",62980.0,pensions,Banque mondiale 1993 : cotisations de pension ÷ taux légal (12 %),"Banque mondiale, The Social Protection System, rapport 11376-TUN (1993), annexe statistique, tableau 3, p. 85 (montants), tableau 5, p. 87 (effectifs), lecture image ; série bm1993-caisses","« passive pop. », milliers à la deuxième décimale ; pensions ou personnes, non précisé"
1987,"pensions, toutes natures (nombre)",68680.0,pensions,Banque mondiale 1993 : cotisations de pension ÷ taux légal (12 %),"Banque mondiale, The Social Protection System, rapport 11376-TUN (1993), annexe statistique, tableau 3, p. 85 (montants), tableau 5, p. 87 (effectifs), lecture image ; série bm1993-caisses","« passive pop. », milliers à la deuxième décimale ; pensions ou personnes, non précisé"
1988,"pensions, toutes natures (nombre)",74390.0,pensions,Banque mondiale 1993 : cotisations de pension ÷ taux légal (12 %),"Banque mondiale, The Social Protection System, rapport 11376-TUN (1993), annexe statistique, tableau 3, p. 85 (montants), tableau 5, p. 87 (effectifs), lecture image ; série bm1993-caisses","« passive pop. », milliers à la deuxième décimale ; pensions ou personnes, non précisé"
1989,"pensions, toutes natures (nombre)",78890.0,pensions,Banque mondiale 1993 : cotisations de pension ÷ taux légal (12 %),"Banque mondiale, The Social Protection System, rapport 11376-TUN (1993), annexe statistique, tableau 3, p. 85 (montants), tableau 5, p. 87 (effectifs), lecture image ; série bm1993-caisses","« passive pop. », milliers à la deuxième décimale ; pensions ou personnes, non précisé"
1990,"pensions, toutes natures (nombre)",83510.0,pensions,Banque mondiale 1993 : cotisations de pension ÷ taux légal (12 %),"Banque mondiale, The Social Protection System, rapport 11376-TUN (1993), annexe statistique, tableau 3, p. 85 (montants), tableau 5, p. 87 (effectifs), lecture image ; série bm1993-caisses","« passive pop. », milliers à la deuxième décimale ; pensions ou personnes, non précisé"
1991,"pensions, toutes natures (nombre)",88280.0,pensions,Banque mondiale 1993 : cotisations de pension ÷ taux légal (12 %),"Banque mondiale, The Social Protection System, rapport 11376-TUN (1993), annexe statistique, tableau 3, p. 85 (montants), tableau 5, p. 87 (effectifs), lecture image ; série bm1993-caisses","« passive pop. », milliers à la deuxième décimale ; pensions ou personnes, non précisé"
2000,"pensions, toutes natures (nombre)",156126.0,pensions,masse salariale de l'État (approximation),"CNRPS, guide statistique 2000-2010, p. 13 à 15, lecture image","effectif de fin d'année ; des pensions, non des personnes"
2001,"pensions, toutes natures (nombre)",164133.0,pensions,masse salariale de l'État (approximation),"CNRPS, guide statistique 2000-2010, p. 13 à 15, lecture image","effectif de fin d'année ; des pensions, non des personnes"
2002,"pensions, toutes natures (nombre)",172363.0,pensions,masse salariale de l'État (approximation),"CNRPS, guide statistique 2000-2010, p. 13 à 15, lecture image","effectif de fin d'année ; des pensions, non des personnes"
2003,"pensions, toutes natures (nombre)",184694.0,pensions,masse salariale de l'État (approximation),"CNRPS, guide statistique 2000-2010, p. 13 à 15, lecture image","effectif de fin d'année ; des pensions, non des personnes"
2004,"pensions, toutes natures (nombre)",192229.0,pensions,masse salariale de l'État (approximation),"CNRPS, guide statistique 2000-2010, p. 13 à 15, lecture image","effectif de fin d'année ; des pensions, non des personnes"
2005,"pensions, toutes natures (nombre)",204853.0,pensions,masse salariale de l'État (approximation),"CNRPS, guide statistique 2000-2010, p. 13 à 15, lecture image","effectif de fin d'année ; des pensions, non des personnes"
2006,"pensions, toutes natures (nombre)",212967.0,pensions,masse salariale de l'État (approximation),"CNRPS, guide statistique 2000-2010, p. 13 à 15, lecture image","effectif de fin d'année ; des pensions, non des personnes"
2007,"pensions, toutes natures (nombre)",216362.0,pensions,masse salariale de l'État (approximation),"CNRPS, guide statistique 2000-2010, p. 13 à 15, lecture image","effectif de fin d'année ; des pensions, non des personnes"
2008,"pensions, toutes natures (nombre)",226575.0,pensions,masse salariale de l'État (approximation),"CNRPS, guide statistique 2000-2010, p. 13 à 15, lecture image","effectif de fin d'année ; des pensions, non des personnes"
2009,"pensions, toutes natures (nombre)",239110.0,pensions,masse salariale de l'État (approximation),"CNRPS, guide statistique 2000-2010, p. 13 à 15, lecture image","effectif de fin d'année ; des pensions, non des personnes"
2010,"pensions, toutes natures (nombre)",254698.0,pensions,masse salariale de l'État (approximation),"CNRPS, guide statistique 2000-2010, p. 13 à 15, lecture image","effectif de fin d'année ; des pensions, non des personnes"
2011,"pensions, toutes natures (nombre)",268170.0,pensions,masse salariale de l'État (approximation),"CNRPS, guide statistique 2010-2014, p. 12 (retraite ; veuves et orphelins : 93 433), lecture image","effectif de fin d'année ; des pensions, non des personnes"
2012,"pensions, toutes natures (nombre)",280042.0,pensions,masse salariale de l'État (approximation),"CNRPS, rapport d'activité 2016, p. 26, lecture image","effectif de fin d'année ; des pensions, non des personnes"
2013,"pensions, toutes natures (nombre)",286551.0,pensions,masse salariale de l'État (approximation),"CNRPS, rapport d'activité 2016, p. 26, lecture image","effectif de fin d'année ; des pensions, non des personnes"
2014,"pensions, toutes natures (nombre)",305415.0,pensions,cotisations,"CNRPS, rapport d'activité 2016, p. 26, lecture image","effectif de fin d'année ; des pensions, non des personnes"
2015,"pensions, toutes natures (nombre)",325640.0,pensions,cotisations,"CNRPS, rapport d'activité 2016, p. 26, lecture image","effectif de fin d'année ; des pensions, non des personnes"
2016,"pensions, toutes natures (nombre)",342605.0,pensions,cotisations,"CNRPS, rapport d'activité 2020, p. 58, lecture texte, recoupé par le rapport 2016 p. 26","effectif de fin d'année ; des pensions, non des personnes"
2017,"pensions, toutes natures (nombre)",358973.0,pensions,cotisations,"CNRPS, rapport d'activité 2020, p. 58, lecture texte, recoupé par le rapport 2018 p. 83","effectif de fin d'année ; des pensions, non des personnes"
2018,"pensions, toutes natures (nombre)",382371.0,pensions,cotisations,"CNRPS, rapport d'activité 2020, p. 58, lecture texte, recoupé par le rapport 2018 p. 83","effectif de fin d'année ; des pensions, non des personnes"
2019,"pensions, toutes natures (nombre)",393038.0,pensions,cotisations reconstituées,"CNRPS, rapport d'activité 2020, p. 58, lecture texte","effectif de fin d'année ; des pensions, non des personnes"
2020,"pensions, toutes natures (nombre)",398627.0,pensions,cotisations reconstituées,"CNRPS, rapport d'activité 2020, p. 58, lecture texte","effectif de fin d'année ; des pensions, non des personnes"
2021,"pensions, toutes natures (nombre)",407400.0,pensions,estimation : charges de la caisse × part des pensions 2019-2020 ; masse salariale de l'État × rapport assiette / masse de 2020,"Ministère des finances, rapport sur les entreprises publiques (annexe 9 au projet de loi de finances), rapport EP, LF 2025 (ar), p. 44","« bénéficiaires de pension », publiés en milliers à la décimale ; égaux aux pensions de toutes natures de la caisse en 2020 (398,6 milliers contre 398 627)"
2022,"pensions, toutes natures (nombre)",420500.0,pensions,estimation : charges de la caisse × part des pensions 2019-2020 ; masse salariale de l'État × rapport assiette / masse de 2020,"Ministère des finances, rapport sur les entreprises publiques (annexe 9 au projet de loi de finances), rapport EP, LF 2025 (ar), p. 44","« bénéficiaires de pension », publiés en milliers à la décimale ; égaux aux pensions de toutes natures de la caisse en 2020 (398,6 milliers contre 398 627)"
2023,"pensions, toutes natures (nombre)",444300.0,pensions,estimation : charges de la caisse × part des pensions 2019-2020 ; masse salariale de l'État × rapport assiette / masse de 2020,"Ministère des finances, rapport sur les entreprises publiques (annexe 9 au projet de loi de finances), rapport EP, LF 2025 (ar), p. 44","« bénéficiaires de pension », publiés en milliers à la décimale ; égaux aux pensions de toutes natures de la caisse en 2020 (398,6 milliers contre 398 627) ; valeur provisoire"
1990,rapport assiette tirée des cotisations / masse salariale de l'État,1.01971,taux,Banque mondiale 1993 : cotisations de pension ÷ taux légal (12 %),"calcul ; Ministère des finances, répartition économique des dépenses du budget de l'État, ligne « Rémunérations publiques » (série masse-salariale-ratios)","contrôle : même ordre qu'en 2014-2020 (0,95 à 1,01)"
1991,rapport assiette tirée des cotisations / masse salariale de l'État,0.999527,taux,Banque mondiale 1993 : cotisations de pension ÷ taux légal (12 %),"calcul ; Ministère des finances, répartition économique des dépenses du budget de l'État, ligne « Rémunérations publiques » (série masse-salariale-ratios)","contrôle : même ordre qu'en 2014-2020 (0,95 à 1,01)"
2014,rapport assiette tirée des cotisations / masse salariale de l'État,0.997209,taux,cotisations,"calcul ; Ministère des finances, répartition économique des dépenses du budget de l'État, ligne « Rémunérations publiques » (série masse-salariale-ratios)","recouvrement : justifie l'approximation des années 2000-2013, par compensation de périmètres"
2015,rapport assiette tirée des cotisations / masse salariale de l'État,0.99205,taux,cotisations,"calcul ; Ministère des finances, répartition économique des dépenses du budget de l'État, ligne « Rémunérations publiques » (série masse-salariale-ratios)","recouvrement : justifie l'approximation des années 2000-2013, par compensation de périmètres"
2016,rapport assiette tirée des cotisations / masse salariale de l'État,1.009057,taux,cotisations,"calcul ; Ministère des finances, répartition économique des dépenses du budget de l'État, ligne « Rémunérations publiques » (série masse-salariale-ratios)","recouvrement : justifie l'approximation des années 2000-2013, par compensation de périmètres"
2017,rapport assiette tirée des cotisations / masse salariale de l'État,0.976673,taux,cotisations,"calcul ; Ministère des finances, répartition économique des dépenses du budget de l'État, ligne « Rémunérations publiques » (série masse-salariale-ratios)","recouvrement : justifie l'approximation des années 2000-2013, par compensation de périmètres"
2018,rapport assiette tirée des cotisations / masse salariale de l'État,0.97365,taux,cotisations,"calcul ; Ministère des finances, répartition économique des dépenses du budget de l'État, ligne « Rémunérations publiques » (série masse-salariale-ratios)","recouvrement : justifie l'approximation des années 2000-2013, par compensation de périmètres"
2019,rapport assiette tirée des cotisations / masse salariale de l'État,0.993998,taux,cotisations reconstituées,"calcul ; Ministère des finances, répartition économique des dépenses du budget de l'État, ligne « Rémunérations publiques » (série masse-salariale-ratios)","recouvrement : justifie l'approximation des années 2000-2013, par compensation de périmètres"
2020,rapport assiette tirée des cotisations / masse salariale de l'État,0.952224,taux,cotisations reconstituées,"calcul ; Ministère des finances, répartition économique des dépenses du budget de l'État, ligne « Rémunérations publiques » (série masse-salariale-ratios)","recouvrement : justifie l'approximation des années 2000-2013, par compensation de périmètres"
1980,ratio pensions / cotisants,0.18686099,taux,Banque mondiale 1993 : cotisations de pension ÷ taux légal (12 %),calcul,pensionnés ÷ affiliés actifs
1985,ratio pensions / cotisants,0.15905805,taux,Banque mondiale 1993 : cotisations de pension ÷ taux légal (12 %),calcul,pensionnés ÷ affiliés actifs
1986,ratio pensions / cotisants,0.17030367,taux,Banque mondiale 1993 : cotisations de pension ÷ taux légal (12 %),calcul,pensionnés ÷ affiliés actifs
1987,ratio pensions / cotisants,0.18062751,taux,Banque mondiale 1993 : cotisations de pension ÷ taux légal (12 %),calcul,pensionnés ÷ affiliés actifs
1988,ratio pensions / cotisants,0.18831958,taux,Banque mondiale 1993 : cotisations de pension ÷ taux légal (12 %),calcul,pensionnés ÷ affiliés actifs
1989,ratio pensions / cotisants,0.19303612,taux,Banque mondiale 1993 : cotisations de pension ÷ taux légal (12 %),calcul,pensionnés ÷ affiliés actifs
1990,ratio pensions / cotisants,0.19666533,taux,Banque mondiale 1993 : cotisations de pension ÷ taux légal (12 %),calcul,pensionnés ÷ affiliés actifs
1991,ratio pensions / cotisants,0.20144213,taux,Banque mondiale 1993 : cotisations de pension ÷ taux légal (12 %),calcul,pensionnés ÷ affiliés actifs
2000,ratio pensions / cotisants,0.29377419,taux,masse salariale de l'État (approximation),calcul,pensions de toutes natures ÷ affiliés actifs
2001,ratio pensions / cotisants,0.30283288,taux,masse salariale de l'État (approximation),calcul,pensions de toutes natures ÷ affiliés actifs
2002,ratio pensions / cotisants,0.31252414,taux,masse salariale de l'État (approximation),calcul,pensions de toutes natures ÷ affiliés actifs
2003,ratio pensions / cotisants,0.32660532,taux,masse salariale de l'État (approximation),calcul,pensions de toutes natures ÷ affiliés actifs
2004,ratio pensions / cotisants,0.33052095,taux,masse salariale de l'État (approximation),calcul,pensions de toutes natures ÷ affiliés actifs
2005,ratio pensions / cotisants,0.34498537,taux,masse salariale de l'État (approximation),calcul,pensions de toutes natures ÷ affiliés actifs
2006,ratio pensions / cotisants,0.35512434,taux,masse salariale de l'État (approximation),calcul,pensions de toutes natures ÷ affiliés actifs
2007,ratio pensions / cotisants,0.35156918,taux,masse salariale de l'État (approximation),calcul,pensions de toutes natures ÷ affiliés actifs
2008,ratio pensions / cotisants,0.36548599,taux,masse salariale de l'État (approximation),calcul,pensions de toutes natures ÷ affiliés actifs
2009,ratio pensions / cotisants,0.37774927,taux,masse salariale de l'État (approximation),calcul,pensions de toutes natures ÷ affiliés actifs
2010,ratio pensions / cotisants,0.39424921,taux,masse salariale de l'État (approximation),calcul,pensions de toutes natures ÷ affiliés actifs
2011,ratio pensions / cotisants,0.39571074,taux,masse salariale de l'État (approximation),calcul,pensions de toutes natures ÷ affiliés actifs
2012,ratio pensions / cotisants,0.3915171,taux,masse salariale de l'État (approximation),calcul,pensions de toutes natures ÷ affiliés actifs
2013,ratio pensions / cotisants,0.38739965,taux,masse salariale de l'État (approximation),calcul,pensions de toutes natures ÷ affiliés actifs
2014,ratio pensions / cotisants,0.40694111,taux,cotisations,calcul,pensions de toutes natures ÷ affiliés actifs
2015,ratio pensions / cotisants,0.4263844,taux,cotisations,calcul,pensions de toutes natures ÷ affiliés actifs
2016,ratio pensions / cotisants,0.43938251,taux,cotisations,calcul,pensions de toutes natures ÷ affiliés actifs
2017,ratio pensions / cotisants,0.45886637,taux,cotisations,calcul,pensions de toutes natures ÷ affiliés actifs
2018,ratio pensions / cotisants,0.49934508,taux,cotisations,calcul,pensions de toutes natures ÷ affiliés actifs
2019,ratio pensions / cotisants,0.51415288,taux,cotisations reconstituées,calcul,pensions de toutes natures ÷ affiliés actifs
2020,ratio pensions / cotisants,0.51336117,taux,cotisations reconstituées,calcul,pensions de toutes natures ÷ affiliés actifs
2021,ratio pensions / cotisants,0.52649263,taux,estimation : charges de la caisse × part des pensions 2019-2020 ; masse salariale de l'État × rapport assiette / masse de 2020,calcul,pensions de toutes natures ÷ affiliés actifs
1980,salaire moyen mensuel,129.86,dinars par mois,Banque mondiale 1993 : cotisations de pension ÷ taux légal (12 %),calcul,dénominateur ÷ affiliés actifs ÷ 12
1985,salaire moyen mensuel,150.79,dinars par mois,Banque mondiale 1993 : cotisations de pension ÷ taux légal (12 %),calcul,dénominateur ÷ affiliés actifs ÷ 12
1986,salaire moyen mensuel,179.71,dinars par mois,Banque mondiale 1993 : cotisations de pension ÷ taux légal (12 %),calcul,dénominateur ÷ affiliés actifs ÷ 12
1987,salaire moyen mensuel,181.36,dinars par mois,Banque mondiale 1993 : cotisations de pension ÷ taux légal (12 %),calcul,dénominateur ÷ affiliés actifs ÷ 12
1988,salaire moyen mensuel,200.94,dinars par mois,Banque mondiale 1993 : cotisations de pension ÷ taux légal (12 %),calcul,dénominateur ÷ affiliés actifs ÷ 12
1989,salaire moyen mensuel,229.23,dinars par mois,Banque mondiale 1993 : cotisations de pension ÷ taux légal (12 %),calcul,dénominateur ÷ affiliés actifs ÷ 12
1990,salaire moyen mensuel,248.75,dinars par mois,Banque mondiale 1993 : cotisations de pension ÷ taux légal (12 %),calcul,dénominateur ÷ affiliés actifs ÷ 12
1991,salaire moyen mensuel,267.8,dinars par mois,Banque mondiale 1993 : cotisations de pension ÷ taux légal (12 %),calcul,dénominateur ÷ affiliés actifs ÷ 12
2000,salaire moyen mensuel,492.52,dinars par mois,masse salariale de l'État (approximation),calcul,dénominateur ÷ affiliés actifs ÷ 12
2001,salaire moyen mensuel,526.58,dinars par mois,masse salariale de l'État (approximation),calcul,dénominateur ÷ affiliés actifs ÷ 12
2002,salaire moyen mensuel,556.64,dinars par mois,masse salariale de l'État (approximation),calcul,dénominateur ÷ affiliés actifs ÷ 12
2003,salaire moyen mensuel,584.74,dinars par mois,masse salariale de l'État (approximation),calcul,dénominateur ÷ affiliés actifs ÷ 12
2004,salaire moyen mensuel,609.33,dinars par mois,masse salariale de l'État (approximation),calcul,dénominateur ÷ affiliés actifs ÷ 12
2005,salaire moyen mensuel,644.29,dinars par mois,masse salariale de l'État (approximation),calcul,dénominateur ÷ affiliés actifs ÷ 12
2006,salaire moyen mensuel,685.3,dinars par mois,masse salariale de l'État (approximation),calcul,dénominateur ÷ affiliés actifs ÷ 12
2007,salaire moyen mensuel,721.39,dinars par mois,masse salariale de l'État (approximation),calcul,dénominateur ÷ affiliés actifs ÷ 12
2008,salaire moyen mensuel,774.47,dinars par mois,masse salariale de l'État (approximation),calcul,dénominateur ÷ affiliés actifs ÷ 12
2009,salaire moyen mensuel,829.23,dinars par mois,masse salariale de l'État (approximation),calcul,dénominateur ÷ affiliés actifs ÷ 12
2010,salaire moyen mensuel,875.24,dinars par mois,masse salariale de l'État (approximation),calcul,"dénominateur ÷ affiliés actifs ÷ 12 ; la caisse publie 979,158 D de salaire brut moyen pour ses actifs (guide 2000-2010, p. 49, périmètre non précisé, 423 032 personnes), soit −10,6 % ici ; non corrigé"
2011,salaire moyen mensuel,944.31,dinars par mois,masse salariale de l'État (approximation),calcul,dénominateur ÷ affiliés actifs ÷ 12
2012,salaire moyen mensuel,1008.41,dinars par mois,masse salariale de l'État (approximation),calcul,dénominateur ÷ affiliés actifs ÷ 12
2013,salaire moyen mensuel,1082.45,dinars par mois,masse salariale de l'État (approximation),calcul,dénominateur ÷ affiliés actifs ÷ 12
2014,salaire moyen mensuel,1167.12,dinars par mois,cotisations,calcul,dénominateur ÷ affiliés actifs ÷ 12
2015,salaire moyen mensuel,1253.65,dinars par mois,cotisations,calcul,dénominateur ÷ affiliés actifs ÷ 12
2016,salaire moyen mensuel,1419.61,dinars par mois,cotisations,calcul,dénominateur ÷ affiliés actifs ÷ 12
2017,salaire moyen mensuel,1493.16,dinars par mois,cotisations,calcul,dénominateur ÷ affiliés actifs ÷ 12
2018,salaire moyen mensuel,1565.65,dinars par mois,cotisations,calcul,dénominateur ÷ affiliés actifs ÷ 12
2019,salaire moyen mensuel,1816.63,dinars par mois,cotisations reconstituées,calcul,dénominateur ÷ affiliés actifs ÷ 12
2020,salaire moyen mensuel,1962.07,dinars par mois,cotisations reconstituées,calcul,dénominateur ÷ affiliés actifs ÷ 12
2021,salaire moyen mensuel,2068.96,dinars par mois,estimation : charges de la caisse × part des pensions 2019-2020 ; masse salariale de l'État × rapport assiette / masse de 2020,calcul,dénominateur estimé ÷ affiliés actifs ÷ 12
1980,taux d'équilibre,0.08431655,taux,Banque mondiale 1993 : cotisations de pension ÷ taux légal (12 %),calcul,"numérateur ÷ dénominateur = remplacement apparent × ratio pensions / cotisants ; surestimé de la part des prestations familiales, non publiée ; sans raccord avec 2000"
1985,taux d'équilibre,0.09910371,taux,Banque mondiale 1993 : cotisations de pension ÷ taux légal (12 %),calcul,"numérateur ÷ dénominateur = remplacement apparent × ratio pensions / cotisants ; surestimé de la part des prestations familiales, non publiée ; sans raccord avec 2000"
1986,taux d'équilibre,0.10294671,taux,Banque mondiale 1993 : cotisations de pension ÷ taux légal (12 %),calcul,"numérateur ÷ dénominateur = remplacement apparent × ratio pensions / cotisants ; surestimé de la part des prestations familiales, non publiée ; sans raccord avec 2000"
1987,taux d'équilibre,0.1141994,taux,Banque mondiale 1993 : cotisations de pension ÷ taux légal (12 %),calcul,"numérateur ÷ dénominateur = remplacement apparent × ratio pensions / cotisants ; surestimé de la part des prestations familiales, non publiée ; sans raccord avec 2000"
1988,taux d'équilibre,0.12199475,taux,Banque mondiale 1993 : cotisations de pension ÷ taux légal (12 %),calcul,"numérateur ÷ dénominateur = remplacement apparent × ratio pensions / cotisants ; surestimé de la part des prestations familiales, non publiée ; sans raccord avec 2000"
1989,taux d'équilibre,0.12222387,taux,Banque mondiale 1993 : cotisations de pension ÷ taux légal (12 %),calcul,"numérateur ÷ dénominateur = remplacement apparent × ratio pensions / cotisants ; surestimé de la part des prestations familiales, non publiée ; sans raccord avec 2000"
1990,taux d'équilibre,0.12047337,taux,Banque mondiale 1993 : cotisations de pension ÷ taux légal (12 %),calcul,"numérateur ÷ dénominateur = remplacement apparent × ratio pensions / cotisants ; surestimé de la part des prestations familiales, non publiée ; sans raccord avec 2000"
1991,taux d'équilibre,0.12560947,taux,Banque mondiale 1993 : cotisations de pension ÷ taux légal (12 %),calcul,"numérateur ÷ dénominateur = remplacement apparent × ratio pensions / cotisants ; surestimé de la part des prestations familiales, non publiée ; sans raccord avec 2000"
2000,taux d'équilibre,0.17110634,taux,masse salariale de l'État (approximation),calcul,numérateur ÷ dénominateur = remplacement apparent × ratio pensions / cotisants
2001,taux d'équilibre,0.17278586,taux,masse salariale de l'État (approximation),calcul,numérateur ÷ dénominateur = remplacement apparent × ratio pensions / cotisants
2002,taux d'équilibre,0.18095195,taux,masse salariale de l'État (approximation),calcul,numérateur ÷ dénominateur = remplacement apparent × ratio pensions / cotisants
2003,taux d'équilibre,0.18577016,taux,masse salariale de l'État (approximation),calcul,numérateur ÷ dénominateur = remplacement apparent × ratio pensions / cotisants
2004,taux d'équilibre,0.19417909,taux,masse salariale de l'État (approximation),calcul,numérateur ÷ dénominateur = remplacement apparent × ratio pensions / cotisants
2005,taux d'équilibre,0.20079612,taux,masse salariale de l'État (approximation),calcul,numérateur ÷ dénominateur = remplacement apparent × ratio pensions / cotisants
2006,taux d'équilibre,0.20949348,taux,masse salariale de l'État (approximation),calcul,numérateur ÷ dénominateur = remplacement apparent × ratio pensions / cotisants
2007,taux d'équilibre,0.21837316,taux,masse salariale de l'État (approximation),calcul,numérateur ÷ dénominateur = remplacement apparent × ratio pensions / cotisants
2008,taux d'équilibre,0.22569323,taux,masse salariale de l'État (approximation),calcul,numérateur ÷ dénominateur = remplacement apparent × ratio pensions / cotisants
2009,taux d'équilibre,0.2314041,taux,masse salariale de l'État (approximation),calcul,numérateur ÷ dénominateur = remplacement apparent × ratio pensions / cotisants
2010,taux d'équilibre,0.2477336,taux,masse salariale de l'État (approximation),calcul,"numérateur ÷ dénominateur = remplacement apparent × ratio pensions / cotisants ; avec le salaire moyen publié (979,158 D) appliqué à tous les affiliés, il serait de 22,1 % : écart non corrigé"
2011,taux d'équilibre,0.25083262,taux,masse salariale de l'État (approximation),calcul,numérateur ÷ dénominateur = remplacement apparent × ratio pensions / cotisants
2012,taux d'équilibre,0.25360857,taux,masse salariale de l'État (approximation),calcul,numérateur ÷ dénominateur = remplacement apparent × ratio pensions / cotisants
2013,taux d'équilibre,0.25798647,taux,masse salariale de l'État (approximation),calcul,numérateur ÷ dénominateur = remplacement apparent × ratio pensions / cotisants
2014,taux d'équilibre,0.25774582,taux,cotisations,calcul,numérateur ÷ dénominateur = remplacement apparent × ratio pensions / cotisants
2015,taux d'équilibre,0.27166395,taux,cotisations,calcul,numérateur ÷ dénominateur = remplacement apparent × ratio pensions / cotisants
2016,taux d'équilibre,0.27519236,taux,cotisations,calcul,"numérateur ÷ dénominateur = remplacement apparent × ratio pensions / cotisants ; 2016 atypique : des primes spécifiques créées ou revalorisées cette année-là ont ajouté plus de 110 MD de cotisations (états financiers 2016, p. 51)"
2017,taux d'équilibre,0.30498293,taux,cotisations,calcul,numérateur ÷ dénominateur = remplacement apparent × ratio pensions / cotisants
2018,taux d'équilibre,0.33069085,taux,cotisations,calcul,numérateur ÷ dénominateur = remplacement apparent × ratio pensions / cotisants
2019,taux d'équilibre,0.336878,taux,cotisations reconstituées,calcul,numérateur ÷ dénominateur = remplacement apparent × ratio pensions / cotisants
2020,taux d'équilibre,0.32410004,taux,cotisations reconstituées,calcul,numérateur ÷ dénominateur = remplacement apparent × ratio pensions / cotisants
2021,taux d'équilibre,0.33923961,taux,estimation : charges de la caisse × part des pensions 2019-2020 ; masse salariale de l'État × rapport assiette / masse de 2020,calcul,ESTIMATION : numérateur estimé ÷ dénominateur estimé = remplacement apparent × ratio pensions / cotisants
2022,taux d'équilibre,0.33305451,taux,estimation : charges de la caisse × part des pensions 2019-2020 ; masse salariale de l'État × rapport assiette / masse de 2020,calcul,"ESTIMATION : numérateur estimé ÷ dénominateur estimé ; sans affiliés actifs publiés, pas de décomposition"
2023,taux d'équilibre,0.3573875,taux,estimation : charges de la caisse × part des pensions 2019-2020 ; masse salariale de l'État × rapport assiette / masse de 2020,calcul,"ESTIMATION : numérateur estimé ÷ dénominateur estimé ; sans affiliés actifs publiés, pas de décomposition"
2014,"taux d'équilibre, régime général seul",0.25495978,taux,cotisations,"calcul ; dépenses : CNRPS, états financiers 2015, p. 36, lecture texte",dépenses du seul régime général ÷ dénominateur : même périmètre au numérateur et au dénominateur
2015,"taux d'équilibre, régime général seul",0.26933069,taux,cotisations,"calcul ; dépenses : CNRPS, états financiers 2016, p. 54, recoupé par états financiers 2015, p. 36, lecture texte",dépenses du seul régime général ÷ dénominateur : même périmètre au numérateur et au dénominateur
2016,"taux d'équilibre, régime général seul",0.2724596,taux,cotisations,"calcul ; dépenses : CNRPS, états financiers 2016, p. 54, lecture texte",dépenses du seul régime général ÷ dénominateur : même périmètre au numérateur et au dénominateur
2017,"taux d'équilibre, régime général seul",0.30089594,taux,cotisations,"calcul ; dépenses : CNRPS, états financiers 2018 (provisoires), p. 62, lecture texte",dépenses du seul régime général ÷ dénominateur : même périmètre au numérateur et au dénominateur
2018,"taux d'équilibre, régime général seul",0.3221696,taux,cotisations,"calcul ; dépenses : CNRPS, états financiers 2018 (provisoires), p. 62, lecture texte",dépenses du seul régime général ÷ dénominateur : même périmètre au numérateur et au dénominateur
2019,"taux d'équilibre, régime général seul",0.32938795,taux,cotisations reconstituées,"calcul ; dépenses : CNRPS, rapport d'activité 2020, p. 26 et 27 (p. imprimées 25 et 26), lecture texte",dépenses du seul régime général ÷ dénominateur : même périmètre au numérateur et au dénominateur
2020,"taux d'équilibre, régime général seul",0.31993622,taux,cotisations reconstituées,"calcul ; dépenses : CNRPS, rapport d'activité 2020, p. 26 et 27 (p. imprimées 25 et 26), lecture texte",dépenses du seul régime général ÷ dénominateur : même périmètre au numérateur et au dénominateur
2021,"taux d'équilibre, variante : masse tirée des recettes techniques",0.33873532,taux,estimation : charges de la caisse × part des pensions 2019-2020 ; masse salariale de l'État × rapport assiette / masse de 2020,"calcul ; recettes techniques : Ministère des finances, rapport sur les entreprises publiques (annexe 9 au projet de loi de finances), rapport EP, LF 2025 (ar), p. 44 et rapport EP, LF 2024 (ar), tableau 28, p. 68",VARIANTE non retenue : dénominateur = masse de 2020 × (recettes techniques de la caisse ÷ taux légal) rapportées à celles de 2020 ; même numérateur
2022,"taux d'équilibre, variante : masse tirée des recettes techniques",0.32628335,taux,estimation : charges de la caisse × part des pensions 2019-2020 ; masse salariale de l'État × rapport assiette / masse de 2020,"calcul ; recettes techniques : Ministère des finances, rapport sur les entreprises publiques (annexe 9 au projet de loi de finances), rapport EP, LF 2025 (ar), p. 44 et rapport EP, LF 2024 (ar), tableau 28, p. 68",VARIANTE non retenue : dénominateur = masse de 2020 × (recettes techniques de la caisse ÷ taux légal) rapportées à celles de 2020 ; même numérateur
2023,"taux d'équilibre, variante : masse tirée des recettes techniques",0.33433597,taux,estimation : charges de la caisse × part des pensions 2019-2020 ; masse salariale de l'État × rapport assiette / masse de 2020,"calcul ; recettes techniques : Ministère des finances, rapport sur les entreprises publiques (annexe 9 au projet de loi de finances), rapport EP, LF 2025 (ar), p. 44 et rapport EP, LF 2024 (ar), tableau 28, p. 68",VARIANTE non retenue : dénominateur = masse de 2020 × (recettes techniques de la caisse ÷ taux légal) rapportées à celles de 2020 ; même numérateur
1980,taux de remplacement apparent,0.45122606,taux,Banque mondiale 1993 : cotisations de pension ÷ taux légal (12 %),calcul,pension moyenne ÷ salaire moyen
1985,taux de remplacement apparent,0.62306631,taux,Banque mondiale 1993 : cotisations de pension ÷ taux légal (12 %),calcul,pension moyenne ÷ salaire moyen
1986,taux de remplacement apparent,0.60448908,taux,Banque mondiale 1993 : cotisations de pension ÷ taux légal (12 %),calcul,pension moyenne ÷ salaire moyen
1987,taux de remplacement apparent,0.63223699,taux,Banque mondiale 1993 : cotisations de pension ÷ taux légal (12 %),calcul,pension moyenne ÷ salaire moyen
1988,taux de remplacement apparent,0.64780705,taux,Banque mondiale 1993 : cotisations de pension ÷ taux légal (12 %),calcul,pension moyenne ÷ salaire moyen
1989,taux de remplacement apparent,0.63316581,taux,Banque mondiale 1993 : cotisations de pension ÷ taux légal (12 %),calcul,pension moyenne ÷ salaire moyen
1990,taux de remplacement apparent,0.61258063,taux,Banque mondiale 1993 : cotisations de pension ÷ taux légal (12 %),calcul,pension moyenne ÷ salaire moyen
1991,taux de remplacement apparent,0.62355112,taux,Banque mondiale 1993 : cotisations de pension ÷ taux légal (12 %),calcul,pension moyenne ÷ salaire moyen
2000,taux de remplacement apparent,0.58244169,taux,masse salariale de l'État (approximation),calcul,pension moyenne ÷ salaire moyen
2001,taux de remplacement apparent,0.57056504,taux,masse salariale de l'État (approximation),calcul,pension moyenne ÷ salaire moyen
2002,taux de remplacement apparent,0.57900153,taux,masse salariale de l'État (approximation),calcul,pension moyenne ÷ salaire moyen
2003,taux de remplacement apparent,0.56879099,taux,masse salariale de l'État (approximation),calcul,pension moyenne ÷ salaire moyen
2004,taux de remplacement apparent,0.58749405,taux,masse salariale de l'État (approximation),calcul,pension moyenne ÷ salaire moyen
2005,taux de remplacement apparent,0.58204244,taux,masse salariale de l'État (approximation),calcul,pension moyenne ÷ salaire moyen
2006,taux de remplacement apparent,0.58991587,taux,masse salariale de l'État (approximation),calcul,pension moyenne ÷ salaire moyen
2007,taux de remplacement apparent,0.62113852,taux,masse salariale de l'État (approximation),calcul,pension moyenne ÷ salaire moyen
2008,taux de remplacement apparent,0.61751542,taux,masse salariale de l'État (approximation),calcul,pension moyenne ÷ salaire moyen
2009,taux de remplacement apparent,0.61258649,taux,masse salariale de l'État (approximation),calcul,pension moyenne ÷ salaire moyen
2010,taux de remplacement apparent,0.62836802,taux,masse salariale de l'État (approximation),calcul,pension moyenne ÷ salaire moyen
2011,taux de remplacement apparent,0.63387873,taux,masse salariale de l'État (approximation),calcul,pension moyenne ÷ salaire moyen
2012,taux de remplacement apparent,0.64775862,taux,masse salariale de l'État (approximation),calcul,pension moyenne ÷ salaire moyen
2013,taux de remplacement apparent,0.66594399,taux,masse salariale de l'État (approximation),calcul,pension moyenne ÷ salaire moyen
2014,taux de remplacement apparent,0.63337375,taux,cotisations,calcul,pension moyenne ÷ salaire moyen
2015,taux de remplacement apparent,0.6371339,taux,cotisations,calcul,pension moyenne ÷ salaire moyen
2016,taux de remplacement apparent,0.62631614,taux,cotisations,calcul,pension moyenne ÷ salaire moyen
2017,taux de remplacement apparent,0.66464433,taux,cotisations,calcul,pension moyenne ÷ salaire moyen
2018,taux de remplacement apparent,0.66224913,taux,cotisations,calcul,pension moyenne ÷ salaire moyen
2019,taux de remplacement apparent,0.65520978,taux,cotisations reconstituées,calcul,pension moyenne ÷ salaire moyen
2020,taux de remplacement apparent,0.63132949,taux,cotisations reconstituées,calcul,pension moyenne ÷ salaire moyen
2021,taux de remplacement apparent,0.64433875,taux,estimation : charges de la caisse × part des pensions 2019-2020 ; masse salariale de l'État × rapport assiette / masse de 2020,calcul,pension moyenne ÷ salaire moyen
1980,taux légal global (agent + employeur),0.12,taux,Banque mondiale 1993 : cotisations de pension ÷ taux légal (12 %),"taux légaux : 5 % agent (loi n° 74-101, art. 38 ; loi n° 85-12, art. 9) + 7 % employeur (loi n° 74-101, art. 39 ; loi n° 85-12, art. 13) ; 12 % publiés pour 1991 par la Banque mondiale, rapport 11376-TUN, annexe statistique, tableau 6, p. 88","5 % + 7 %, inchangés de la gestion 1975 au 30 juin 1994"
1985,taux légal global (agent + employeur),0.12,taux,Banque mondiale 1993 : cotisations de pension ÷ taux légal (12 %),"taux légaux : 5 % agent (loi n° 74-101, art. 38 ; loi n° 85-12, art. 9) + 7 % employeur (loi n° 74-101, art. 39 ; loi n° 85-12, art. 13) ; 12 % publiés pour 1991 par la Banque mondiale, rapport 11376-TUN, annexe statistique, tableau 6, p. 88","5 % + 7 %, inchangés de la gestion 1975 au 30 juin 1994"
1986,taux légal global (agent + employeur),0.12,taux,Banque mondiale 1993 : cotisations de pension ÷ taux légal (12 %),"taux légaux : 5 % agent (loi n° 74-101, art. 38 ; loi n° 85-12, art. 9) + 7 % employeur (loi n° 74-101, art. 39 ; loi n° 85-12, art. 13) ; 12 % publiés pour 1991 par la Banque mondiale, rapport 11376-TUN, annexe statistique, tableau 6, p. 88","5 % + 7 %, inchangés de la gestion 1975 au 30 juin 1994"
1987,taux légal global (agent + employeur),0.12,taux,Banque mondiale 1993 : cotisations de pension ÷ taux légal (12 %),"taux légaux : 5 % agent (loi n° 74-101, art. 38 ; loi n° 85-12, art. 9) + 7 % employeur (loi n° 74-101, art. 39 ; loi n° 85-12, art. 13) ; 12 % publiés pour 1991 par la Banque mondiale, rapport 11376-TUN, annexe statistique, tableau 6, p. 88","5 % + 7 %, inchangés de la gestion 1975 au 30 juin 1994"
1988,taux légal global (agent + employeur),0.12,taux,Banque mondiale 1993 : cotisations de pension ÷ taux légal (12 %),"taux légaux : 5 % agent (loi n° 74-101, art. 38 ; loi n° 85-12, art. 9) + 7 % employeur (loi n° 74-101, art. 39 ; loi n° 85-12, art. 13) ; 12 % publiés pour 1991 par la Banque mondiale, rapport 11376-TUN, annexe statistique, tableau 6, p. 88","5 % + 7 %, inchangés de la gestion 1975 au 30 juin 1994"
1989,taux légal global (agent + employeur),0.12,taux,Banque mondiale 1993 : cotisations de pension ÷ taux légal (12 %),"taux légaux : 5 % agent (loi n° 74-101, art. 38 ; loi n° 85-12, art. 9) + 7 % employeur (loi n° 74-101, art. 39 ; loi n° 85-12, art. 13) ; 12 % publiés pour 1991 par la Banque mondiale, rapport 11376-TUN, annexe statistique, tableau 6, p. 88","5 % + 7 %, inchangés de la gestion 1975 au 30 juin 1994"
1990,taux légal global (agent + employeur),0.12,taux,Banque mondiale 1993 : cotisations de pension ÷ taux légal (12 %),"taux légaux : 5 % agent (loi n° 74-101, art. 38 ; loi n° 85-12, art. 9) + 7 % employeur (loi n° 74-101, art. 39 ; loi n° 85-12, art. 13) ; 12 % publiés pour 1991 par la Banque mondiale, rapport 11376-TUN, annexe statistique, tableau 6, p. 88","5 % + 7 %, inchangés de la gestion 1975 au 30 juin 1994"
1991,taux légal global (agent + employeur),0.12,taux,Banque mondiale 1993 : cotisations de pension ÷ taux légal (12 %),"taux légaux : 5 % agent (loi n° 74-101, art. 38 ; loi n° 85-12, art. 9) + 7 % employeur (loi n° 74-101, art. 39 ; loi n° 85-12, art. 13) ; 12 % publiés pour 1991 par la Banque mondiale, rapport 11376-TUN, annexe statistique, tableau 6, p. 88","5 % + 7 %, inchangés de la gestion 1975 au 30 juin 1994"
2000,taux légal global (agent + employeur),0.142,taux,masse salariale de l'État (approximation),"taux légaux du régime général (loi n° 94-71 ; loi n° 2001-123, art. 85 ; loi n° 2007-43 ; décret-loi n° 2011-48 ; loi n° 2019-37, art. 4), moyenne des douze taux mensuels, série cnrps-regime-general-finances",moyenne des douze taux mensuels de l'année
2001,taux légal global (agent + employeur),0.142,taux,masse salariale de l'État (approximation),"taux légaux du régime général (loi n° 94-71 ; loi n° 2001-123, art. 85 ; loi n° 2007-43 ; décret-loi n° 2011-48 ; loi n° 2019-37, art. 4), moyenne des douze taux mensuels, série cnrps-regime-general-finances",moyenne des douze taux mensuels de l'année
2002,taux légal global (agent + employeur),0.147,taux,masse salariale de l'État (approximation),"taux légaux du régime général (loi n° 94-71 ; loi n° 2001-123, art. 85 ; loi n° 2007-43 ; décret-loi n° 2011-48 ; loi n° 2019-37, art. 4), moyenne des douze taux mensuels, série cnrps-regime-general-finances",moyenne des douze taux mensuels de l'année
2003,taux légal global (agent + employeur),0.1545,taux,masse salariale de l'État (approximation),"taux légaux du régime général (loi n° 94-71 ; loi n° 2001-123, art. 85 ; loi n° 2007-43 ; décret-loi n° 2011-48 ; loi n° 2019-37, art. 4), moyenne des douze taux mensuels, série cnrps-regime-general-finances",moyenne des douze taux mensuels de l'année
2004,taux légal global (agent + employeur),0.1595,taux,masse salariale de l'État (approximation),"taux légaux du régime général (loi n° 94-71 ; loi n° 2001-123, art. 85 ; loi n° 2007-43 ; décret-loi n° 2011-48 ; loi n° 2019-37, art. 4), moyenne des douze taux mensuels, série cnrps-regime-general-finances",moyenne des douze taux mensuels de l'année
2005,taux légal global (agent + employeur),0.16325,taux,masse salariale de l'État (approximation),"taux légaux du régime général (loi n° 94-71 ; loi n° 2001-123, art. 85 ; loi n° 2007-43 ; décret-loi n° 2011-48 ; loi n° 2019-37, art. 4), moyenne des douze taux mensuels, série cnrps-regime-general-finances",moyenne des douze taux mensuels de l'année
2006,taux légal global (agent + employeur),0.16575,taux,masse salariale de l'État (approximation),"taux légaux du régime général (loi n° 94-71 ; loi n° 2001-123, art. 85 ; loi n° 2007-43 ; décret-loi n° 2011-48 ; loi n° 2019-37, art. 4), moyenne des douze taux mensuels, série cnrps-regime-general-finances",moyenne des douze taux mensuels de l'année
2007,taux légal global (agent + employeur),0.175,taux,masse salariale de l'État (approximation),"taux légaux du régime général (loi n° 94-71 ; loi n° 2001-123, art. 85 ; loi n° 2007-43 ; décret-loi n° 2011-48 ; loi n° 2019-37, art. 4), moyenne des douze taux mensuels, série cnrps-regime-general-finances",moyenne des douze taux mensuels de l'année
2008,taux légal global (agent + employeur),0.185,taux,masse salariale de l'État (approximation),"taux légaux du régime général (loi n° 94-71 ; loi n° 2001-123, art. 85 ; loi n° 2007-43 ; décret-loi n° 2011-48 ; loi n° 2019-37, art. 4), moyenne des douze taux mensuels, série cnrps-regime-general-finances",moyenne des douze taux mensuels de l'année
2009,taux légal global (agent + employeur),0.195,taux,masse salariale de l'État (approximation),"taux légaux du régime général (loi n° 94-71 ; loi n° 2001-123, art. 85 ; loi n° 2007-43 ; décret-loi n° 2011-48 ; loi n° 2019-37, art. 4), moyenne des douze taux mensuels, série cnrps-regime-general-finances",moyenne des douze taux mensuels de l'année
2010,taux légal global (agent + employeur),0.197,taux,masse salariale de l'État (approximation),"taux légaux du régime général (loi n° 94-71 ; loi n° 2001-123, art. 85 ; loi n° 2007-43 ; décret-loi n° 2011-48 ; loi n° 2019-37, art. 4), moyenne des douze taux mensuels, série cnrps-regime-general-finances",moyenne des douze taux mensuels de l'année
2011,taux légal global (agent + employeur),0.202,taux,masse salariale de l'État (approximation),"taux légaux du régime général (loi n° 94-71 ; loi n° 2001-123, art. 85 ; loi n° 2007-43 ; décret-loi n° 2011-48 ; loi n° 2019-37, art. 4), moyenne des douze taux mensuels, série cnrps-regime-general-finances",moyenne des douze taux mensuels de l'année
2012,taux légal global (agent + employeur),0.207,taux,masse salariale de l'État (approximation),"taux légaux du régime général (loi n° 94-71 ; loi n° 2001-123, art. 85 ; loi n° 2007-43 ; décret-loi n° 2011-48 ; loi n° 2019-37, art. 4), moyenne des douze taux mensuels, série cnrps-regime-general-finances",moyenne des douze taux mensuels de l'année
2013,taux légal global (agent + employeur),0.207,taux,masse salariale de l'État (approximation),"taux légaux du régime général (loi n° 94-71 ; loi n° 2001-123, art. 85 ; loi n° 2007-43 ; décret-loi n° 2011-48 ; loi n° 2019-37, art. 4), moyenne des douze taux mensuels, série cnrps-regime-general-finances",moyenne des douze taux mensuels de l'année
2014,taux légal global (agent + employeur),0.207,taux,cotisations,"taux légaux du régime général (loi n° 94-71 ; loi n° 2001-123, art. 85 ; loi n° 2007-43 ; décret-loi n° 2011-48 ; loi n° 2019-37, art. 4), moyenne des douze taux mensuels, série cnrps-regime-general-finances",moyenne des douze taux mensuels de l'année
2015,taux légal global (agent + employeur),0.207,taux,cotisations,"taux légaux du régime général (loi n° 94-71 ; loi n° 2001-123, art. 85 ; loi n° 2007-43 ; décret-loi n° 2011-48 ; loi n° 2019-37, art. 4), moyenne des douze taux mensuels, série cnrps-regime-general-finances",moyenne des douze taux mensuels de l'année
2016,taux légal global (agent + employeur),0.207,taux,cotisations,"taux légaux du régime général (loi n° 94-71 ; loi n° 2001-123, art. 85 ; loi n° 2007-43 ; décret-loi n° 2011-48 ; loi n° 2019-37, art. 4), moyenne des douze taux mensuels, série cnrps-regime-general-finances",moyenne des douze taux mensuels de l'année
2017,taux légal global (agent + employeur),0.207,taux,cotisations,"taux légaux du régime général (loi n° 94-71 ; loi n° 2001-123, art. 85 ; loi n° 2007-43 ; décret-loi n° 2011-48 ; loi n° 2019-37, art. 4), moyenne des douze taux mensuels, série cnrps-regime-general-finances",moyenne des douze taux mensuels de l'année
2018,taux légal global (agent + employeur),0.207,taux,cotisations,"taux légaux du régime général (loi n° 94-71 ; loi n° 2001-123, art. 85 ; loi n° 2007-43 ; décret-loi n° 2011-48 ; loi n° 2019-37, art. 4), moyenne des douze taux mensuels, série cnrps-regime-general-finances",moyenne des douze taux mensuels de l'année
2019,taux légal global (agent + employeur),0.21867,taux,cotisations reconstituées,"taux légaux du régime général (loi n° 94-71 ; loi n° 2001-123, art. 85 ; loi n° 2007-43 ; décret-loi n° 2011-48 ; loi n° 2019-37, art. 4), moyenne des douze taux mensuels, série cnrps-regime-general-finances",moyenne des douze taux mensuels de l'année
2020,taux légal global (agent + employeur),0.237,taux,cotisations reconstituées,"taux légaux du régime général (loi n° 94-71 ; loi n° 2001-123, art. 85 ; loi n° 2007-43 ; décret-loi n° 2011-48 ; loi n° 2019-37, art. 4), moyenne des douze taux mensuels, série cnrps-regime-general-finances",moyenne des douze taux mensuels de l'année
2021,taux légal global (agent + employeur),0.237,taux,estimation : charges de la caisse × part des pensions 2019-2020 ; masse salariale de l'État × rapport assiette / masse de 2020,"taux légaux du régime général (loi n° 94-71 ; loi n° 2001-123, art. 85 ; loi n° 2007-43 ; décret-loi n° 2011-48 ; loi n° 2019-37, art. 4), moyenne des douze taux mensuels, série cnrps-regime-general-finances",moyenne des douze taux mensuels de l'année ; inchangé depuis le 1er janvier 2020
2022,taux légal global (agent + employeur),0.237,taux,estimation : charges de la caisse × part des pensions 2019-2020 ; masse salariale de l'État × rapport assiette / masse de 2020,"taux légaux du régime général (loi n° 94-71 ; loi n° 2001-123, art. 85 ; loi n° 2007-43 ; décret-loi n° 2011-48 ; loi n° 2019-37, art. 4), moyenne des douze taux mensuels, série cnrps-regime-general-finances",moyenne des douze taux mensuels de l'année ; inchangé depuis le 1er janvier 2020
2023,taux légal global (agent + employeur),0.237,taux,estimation : charges de la caisse × part des pensions 2019-2020 ; masse salariale de l'État × rapport assiette / masse de 2020,"taux légaux du régime général (loi n° 94-71 ; loi n° 2001-123, art. 85 ; loi n° 2007-43 ; décret-loi n° 2011-48 ; loi n° 2019-37, art. 4), moyenne des douze taux mensuels, série cnrps-regime-general-finances",moyenne des douze taux mensuels de l'année ; inchangé depuis le 1er janvier 2020
1980,écart taux d'équilibre − taux légal,-0.03568345,points de taux,Banque mondiale 1993 : cotisations de pension ÷ taux légal (12 %),calcul,taux d'équilibre − taux légal global
1985,écart taux d'équilibre − taux légal,-0.02089629,points de taux,Banque mondiale 1993 : cotisations de pension ÷ taux légal (12 %),calcul,taux d'équilibre − taux légal global
1986,écart taux d'équilibre − taux légal,-0.01705329,points de taux,Banque mondiale 1993 : cotisations de pension ÷ taux légal (12 %),calcul,taux d'équilibre − taux légal global
1987,écart taux d'équilibre − taux légal,-0.0058006,points de taux,Banque mondiale 1993 : cotisations de pension ÷ taux légal (12 %),calcul,taux d'équilibre − taux légal global
1988,écart taux d'équilibre − taux légal,0.00199475,points de taux,Banque mondiale 1993 : cotisations de pension ÷ taux légal (12 %),calcul,taux d'équilibre − taux légal global
1989,écart taux d'équilibre − taux légal,0.00222387,points de taux,Banque mondiale 1993 : cotisations de pension ÷ taux légal (12 %),calcul,taux d'équilibre − taux légal global
1990,écart taux d'équilibre − taux légal,0.00047337,points de taux,Banque mondiale 1993 : cotisations de pension ÷ taux légal (12 %),calcul,taux d'équilibre − taux légal global
1991,écart taux d'équilibre − taux légal,0.00560947,points de taux,Banque mondiale 1993 : cotisations de pension ÷ taux légal (12 %),calcul,taux d'équilibre − taux légal global
2000,écart taux d'équilibre − taux légal,0.02910634,points de taux,masse salariale de l'État (approximation),calcul,taux d'équilibre − taux légal global
2001,écart taux d'équilibre − taux légal,0.03078586,points de taux,masse salariale de l'État (approximation),calcul,taux d'équilibre − taux légal global
2002,écart taux d'équilibre − taux légal,0.03395195,points de taux,masse salariale de l'État (approximation),calcul,taux d'équilibre − taux légal global
2003,écart taux d'équilibre − taux légal,0.03127016,points de taux,masse salariale de l'État (approximation),calcul,taux d'équilibre − taux légal global
2004,écart taux d'équilibre − taux légal,0.03467909,points de taux,masse salariale de l'État (approximation),calcul,taux d'équilibre − taux légal global
2005,écart taux d'équilibre − taux légal,0.03754612,points de taux,masse salariale de l'État (approximation),calcul,taux d'équilibre − taux légal global
2006,écart taux d'équilibre − taux légal,0.04374348,points de taux,masse salariale de l'État (approximation),calcul,taux d'équilibre − taux légal global
2007,écart taux d'équilibre − taux légal,0.04337316,points de taux,masse salariale de l'État (approximation),calcul,taux d'équilibre − taux légal global
2008,écart taux d'équilibre − taux légal,0.04069323,points de taux,masse salariale de l'État (approximation),calcul,taux d'équilibre − taux légal global
2009,écart taux d'équilibre − taux légal,0.0364041,points de taux,masse salariale de l'État (approximation),calcul,taux d'équilibre − taux légal global
2010,écart taux d'équilibre − taux légal,0.0507336,points de taux,masse salariale de l'État (approximation),calcul,taux d'équilibre − taux légal global
2011,écart taux d'équilibre − taux légal,0.04883262,points de taux,masse salariale de l'État (approximation),calcul,taux d'équilibre − taux légal global
2012,écart taux d'équilibre − taux légal,0.04660857,points de taux,masse salariale de l'État (approximation),calcul,taux d'équilibre − taux légal global
2013,écart taux d'équilibre − taux légal,0.05098647,points de taux,masse salariale de l'État (approximation),calcul,taux d'équilibre − taux légal global
2014,écart taux d'équilibre − taux légal,0.05074582,points de taux,cotisations,calcul,taux d'équilibre − taux légal global
2015,écart taux d'équilibre − taux légal,0.06466395,points de taux,cotisations,calcul,taux d'équilibre − taux légal global
2016,écart taux d'équilibre − taux légal,0.06819236,points de taux,cotisations,calcul,taux d'équilibre − taux légal global
2017,écart taux d'équilibre − taux légal,0.09798293,points de taux,cotisations,calcul,taux d'équilibre − taux légal global
2018,écart taux d'équilibre − taux légal,0.12369085,points de taux,cotisations,calcul,taux d'équilibre − taux légal global
2019,écart taux d'équilibre − taux légal,0.118208,points de taux,cotisations reconstituées,calcul,taux d'équilibre − taux légal global
2020,écart taux d'équilibre − taux légal,0.08710004,points de taux,cotisations reconstituées,calcul,taux d'équilibre − taux légal global
2021,écart taux d'équilibre − taux légal,0.10223961,points de taux,estimation : charges de la caisse × part des pensions 2019-2020 ; masse salariale de l'État × rapport assiette / masse de 2020,calcul,taux d'équilibre − taux légal global
2022,écart taux d'équilibre − taux légal,0.09605451,points de taux,estimation : charges de la caisse × part des pensions 2019-2020 ; masse salariale de l'État × rapport assiette / masse de 2020,calcul,taux d'équilibre − taux légal global
2023,écart taux d'équilibre − taux légal,0.1203875,points de taux,estimation : charges de la caisse × part des pensions 2019-2020 ; masse salariale de l'État × rapport assiette / masse de 2020,calcul,taux d'équilibre − taux légal global
