annee,serie,famille,nature,rubrique,valeur,unite,etat,etat_norme,source,document,page_imprimee,page_pdf,lecture,note,pib_MDT,source_pib,base_pib,segment_pib,pib_retropole,part_pib_pct
2015,recettes_non_fiscales,recettes_non_fiscales_minfin,budgetaire,revenus de commercialisation des carburants,150.0,MDT,encaissé,réalisé,minfin-resultats-provisoires-2017-01,"résultats provisoires de l'exécution du budget, janvier 2017, tableau « Recettes non fiscales »",,7.0,"reprise de la note « rupture de 2015 » du précis (page lue à l'image le 6 octobre 2026), non relue ici",avance versée par l'ETAP,89802.2,"pib-courant-par-base (INS, édition 2015-2020)",base 2015,pib-ins 2010-2024 (base 2015),non,0.17
2015,recettes_non_fiscales,recettes_non_fiscales_minfin,budgetaire,revenus de commercialisation des carburants,342.0,MDT,dû au titre de l'année (résultat provisoire),résultat provisoire,minfin-rapport-semestriel-2015-12,rapport semestriel sur l'exécution du budget de l'État à fin décembre 2015,18.0,18.0,"reprise de la note « rupture de 2015 » du précis (page lue à l'image le 6 octobre 2026), non relue ici","dont 150 versés, 192 à encaisser",89802.2,"pib-courant-par-base (INS, édition 2015-2020)",base 2015,pib-ins 2010-2024 (base 2015),non,0.38
2015,recettes_non_fiscales,recettes_non_fiscales_minfin,budgetaire,revenus de commercialisation des carburants,487.0,MDT,"LFC 2015, art. 40-01 « Revenus de l'exploitation pétrolière »",loi de finances complémentaire,lfc-2015,"loi n° 2015-30 du 18 août 2015 (LFC 2015), tableau A, JORT n° 67 du 21 août 2015",1895.0,,"reprise de la note « rupture de 2015 » du précis (couche texte, 6 octobre 2026), non relue ici",ligne absente des lois de finances 2012 à 2015,89802.2,"pib-courant-par-base (INS, édition 2015-2020)",base 2015,pib-ins 2010-2024 (base 2015),non,0.54
2016,recettes_non_fiscales,recettes_non_fiscales_minfin,budgetaire,revenus de commercialisation des carburants,0.0,MDT,Prov. 2016,résultat provisoire,minfin-resultats-provisoires-2017-01,"résultats provisoires de l'exécution du budget, janvier 2017, tableau « Recettes non fiscales »",,7.0,"reprise de la note « rupture de 2015 » du précis (page lue à l'image le 6 octobre 2026), non relue ici","aucune recette : la STEG et la STIR n'ont pas réglé l'ETAP (rapport semestriel à fin 2016, p. 17)",95286.9,"pib-courant-par-base (INS, édition 2015-2020)",base 2015,pib-ins 2010-2024 (base 2015),non,0.0
2016,recettes_non_fiscales,recettes_non_fiscales_minfin,budgetaire,revenus de commercialisation des carburants,354.0,MDT,LF 2016,loi de finances,minfin-rapport-semestriel-2016-12,rapport semestriel sur l'exécution du budget de l'État à fin décembre 2016,,,"reprise de la note « rupture de 2015 » du précis (couche texte, 6 octobre 2026), non relue ici",pièce et page non précisées par la note (tableau de synthèse),95286.9,"pib-courant-par-base (INS, édition 2015-2020)",base 2015,pib-ins 2010-2024 (base 2015),non,0.37
2016,recettes_non_fiscales,recettes_non_fiscales_minfin,budgetaire,revenus de commercialisation des carburants,0.0,MDT,LFC 2016,loi de finances complémentaire,minfin-resultats-provisoires-2017-01,"résultats provisoires de l'exécution du budget, janvier 2017, tableau « Recettes non fiscales »",,7.0,"reprise de la note « rupture de 2015 » du précis (page lue à l'image le 6 octobre 2026), non relue ici",,95286.9,"pib-courant-par-base (INS, édition 2015-2020)",base 2015,pib-ins 2010-2024 (base 2015),non,0.0
2017,recettes_non_fiscales,recettes_non_fiscales_minfin,budgetaire,revenus de commercialisation des carburants,609.5,MDT,Prov. 2017,résultat provisoire,minfin-resultats-provisoires-2018-07,"résultats provisoires de l'exécution du budget, juillet 2018, tableau « Recettes non fiscales »",,7.0,"reprise de la note « rupture de 2015 » du précis (page lue à l'image le 6 octobre 2026), non relue ici","609,5 aussi dans la note à fin 2018 et le rapport 2017 de la Banque centrale",102011.5,"pib-courant-par-base (INS, édition 2017-2021)",base 2015,pib-ins 2010-2024 (base 2015),non,0.6
2017,recettes_non_fiscales,recettes_non_fiscales_minfin,budgetaire,revenus de commercialisation des carburants,500.0,MDT,LF 2017,loi de finances,minfin-resultats-provisoires-2017-01,"résultats provisoires de l'exécution du budget, janvier 2017, tableau « Recettes non fiscales »",,7.0,"reprise de la note « rupture de 2015 » du précis (page lue à l'image le 6 octobre 2026), non relue ici",,102011.5,"pib-courant-par-base (INS, édition 2017-2021)",base 2015,pib-ins 2010-2024 (base 2015),non,0.49
2017,recettes_non_fiscales,recettes_non_fiscales_minfin,budgetaire,revenus de commercialisation des carburants,615.0,MDT,LFC 2017,loi de finances complémentaire,minfin-resultats-provisoires-2018-07,"résultats provisoires de l'exécution du budget, juillet 2018, tableau « Recettes non fiscales »",,7.0,"reprise de la note « rupture de 2015 » du précis (page lue à l'image le 6 octobre 2026), non relue ici",,102011.5,"pib-courant-par-base (INS, édition 2017-2021)",base 2015,pib-ins 2010-2024 (base 2015),non,0.6
2018,recettes_non_fiscales,recettes_non_fiscales_minfin,budgetaire,revenus de commercialisation des carburants,635.0,MDT,résultats,réalisé,minfin-note-execution-2018-12,note du ministère des Finances sur l'exécution du budget à fin 2018,,,"reprise de la note « rupture de 2015 » du précis (couche texte, 6 octobre 2026), non relue ici",,112985.5,"pib-courant-par-base (INS, édition 2018-2022)",base 2015,pib-ins 2010-2024 (base 2015),non,0.56
2018,recettes_non_fiscales,recettes_non_fiscales_minfin,budgetaire,revenus de commercialisation des carburants,401.5,MDT,LF 2018,loi de finances,minfin-resultats-provisoires-2018-07,"résultats provisoires de l'exécution du budget, juillet 2018, tableau « Recettes non fiscales »",,7.0,"reprise de la note « rupture de 2015 » du précis (page lue à l'image le 6 octobre 2026), non relue ici",,112985.5,"pib-courant-par-base (INS, édition 2018-2022)",base 2015,pib-ins 2010-2024 (base 2015),non,0.36
2018,recettes_non_fiscales,recettes_non_fiscales_minfin,budgetaire,revenus de commercialisation des carburants,600.0,MDT,LFC 2018,loi de finances complémentaire,minfin-note-execution-2018-12,note du ministère des Finances sur l'exécution du budget à fin 2018,,,"reprise de la note « rupture de 2015 » du précis (couche texte, 6 octobre 2026), non relue ici",,112985.5,"pib-courant-par-base (INS, édition 2018-2022)",base 2015,pib-ins 2010-2024 (base 2015),non,0.53
2019,recettes_non_fiscales,recettes_non_fiscales_minfin,budgetaire,revenus de commercialisation des carburants,624.0,MDT,LF 2019,loi de finances,minfin-note-execution-2019-03,note du ministère des Finances sur l'exécution du budget à fin mars 2019,,,"reprise de la note « rupture de 2015 » du précis (couche texte, 6 octobre 2026), non relue ici",,122969.3,"pib-courant-par-base (INS, édition 2019-2023)",base 2015,pib-ins 2010-2024 (base 2015),non,0.51
2012,recettes_non_fiscales,recettes_non_fiscales_minfin,budgetaire,redevance sur le gazoduc,210.5,MDT,encaissé,réalisé,minfin-resultats-provisoires-2017-01,"résultats provisoires de l'exécution du budget, janvier 2017, tableau « Recettes non fiscales »",,7.0,"reprise de la note « rupture de 2015 » du précis (page lue à l'image le 6 octobre 2026), non relue ici",,73895.4,"pib-courant-par-base (INS, classeur du 15 août 2021, base 2015 rétropolée)",base 2015,pib-ins 2010-2024 (base 2015),oui,0.28
2013,recettes_non_fiscales,recettes_non_fiscales_minfin,budgetaire,redevance sur le gazoduc,109.7,MDT,encaissé,réalisé,minfin-resultats-provisoires-2017-01,"résultats provisoires de l'exécution du budget, janvier 2017, tableau « Recettes non fiscales »",,7.0,"reprise de la note « rupture de 2015 » du précis (page lue à l'image le 6 octobre 2026), non relue ici",,79096.6,"pib-courant-par-base (INS, classeur du 15 août 2021, base 2015 rétropolée)",base 2015,pib-ins 2010-2024 (base 2015),oui,0.14
2014,recettes_non_fiscales,recettes_non_fiscales_minfin,budgetaire,redevance sur le gazoduc,121.5,MDT,encaissé,réalisé,minfin-resultats-provisoires-2017-01,"résultats provisoires de l'exécution du budget, janvier 2017, tableau « Recettes non fiscales »",,7.0,"reprise de la note « rupture de 2015 » du précis (page lue à l'image le 6 octobre 2026), non relue ici",,85345.7,"pib-courant-par-base (INS, classeur du 15 août 2021, base 2015 rétropolée)",base 2015,pib-ins 2010-2024 (base 2015),oui,0.14
2015,recettes_non_fiscales,recettes_non_fiscales_minfin,budgetaire,redevance sur le gazoduc,38.4,MDT,encaissé,réalisé,minfin-resultats-provisoires-2017-01,"résultats provisoires de l'exécution du budget, janvier 2017, tableau « Recettes non fiscales »",,7.0,"reprise de la note « rupture de 2015 » du précis (page lue à l'image le 6 octobre 2026), non relue ici","dû au titre de 2015 : 152, dont 115 sur les quantités livrées à la STEG",89802.2,"pib-courant-par-base (INS, édition 2015-2020)",base 2015,pib-ins 2010-2024 (base 2015),non,0.04
2015,recettes_non_fiscales,recettes_non_fiscales_minfin,budgetaire,redevance sur le gazoduc,152.0,MDT,dû au titre de l'année,résultat provisoire,minfin-rapport-semestriel-2015-12,rapport semestriel sur l'exécution du budget de l'État à fin décembre 2015,18.0,18.0,"reprise de la note « rupture de 2015 » du précis (page lue à l'image le 6 octobre 2026), non relue ici","dont 115 (STEG, valorisé au prix mondial) et 37 (quantités exportées)",89802.2,"pib-courant-par-base (INS, édition 2015-2020)",base 2015,pib-ins 2010-2024 (base 2015),non,0.17
2016,recettes_non_fiscales,recettes_non_fiscales_minfin,budgetaire,redevance sur le gazoduc,293.0,MDT,encaissé,réalisé,minfin-resultats-provisoires-2017-01,"résultats provisoires de l'exécution du budget, janvier 2017, tableau « Recettes non fiscales »",,7.0,"reprise de la note « rupture de 2015 » du précis (page lue à l'image le 6 octobre 2026), non relue ici",,95286.9,"pib-courant-par-base (INS, édition 2015-2020)",base 2015,pib-ins 2010-2024 (base 2015),non,0.31
2017,recettes_non_fiscales,recettes_non_fiscales_minfin,budgetaire,redevance sur le gazoduc,555.1,MDT,encaissé,réalisé,minfin-resultats-provisoires-2018-07,"résultats provisoires de l'exécution du budget, juillet 2018, tableau « Recettes non fiscales »",,7.0,"reprise de la note « rupture de 2015 » du précis (page lue à l'image le 6 octobre 2026), non relue ici",,102011.5,"pib-courant-par-base (INS, édition 2017-2021)",base 2015,pib-ins 2010-2024 (base 2015),non,0.54
2018,recettes_non_fiscales,recettes_non_fiscales_minfin,budgetaire,redevance sur le gazoduc,605.4,MDT,résultats,réalisé,minfin-note-execution-2018-12,note du ministère des Finances sur l'exécution du budget à fin 2018,,,"reprise de la note « rupture de 2015 » du précis (couche texte, 6 octobre 2026), non relue ici",,112985.5,"pib-courant-par-base (INS, édition 2018-2022)",base 2015,pib-ins 2010-2024 (base 2015),non,0.54
2018,recettes_non_fiscales,recettes_non_fiscales_minfin,budgetaire,redevance sur le gazoduc,473.8,MDT,LF 2018,loi de finances,minfin-resultats-provisoires-2018-07,"résultats provisoires de l'exécution du budget, juillet 2018, tableau « Recettes non fiscales »",,7.0,"reprise de la note « rupture de 2015 » du précis (page lue à l'image le 6 octobre 2026), non relue ici",,112985.5,"pib-courant-par-base (INS, édition 2018-2022)",base 2015,pib-ins 2010-2024 (base 2015),non,0.42
2018,recettes_non_fiscales,recettes_non_fiscales_minfin,budgetaire,redevance sur le gazoduc,580.0,MDT,LFC 2018,loi de finances complémentaire,minfin-note-execution-2018-12,note du ministère des Finances sur l'exécution du budget à fin 2018,,,"reprise de la note « rupture de 2015 » du précis (couche texte, 6 octobre 2026), non relue ici",,112985.5,"pib-courant-par-base (INS, édition 2018-2022)",base 2015,pib-ins 2010-2024 (base 2015),non,0.51
2019,recettes_non_fiscales,recettes_non_fiscales_minfin,budgetaire,redevance sur le gazoduc,515.0,MDT,LF 2019,loi de finances,minfin-note-execution-2019-03,note du ministère des Finances sur l'exécution du budget à fin mars 2019,,,"reprise de la note « rupture de 2015 » du précis (couche texte, 6 octobre 2026), non relue ici",,122969.3,"pib-courant-par-base (INS, édition 2019-2023)",base 2015,pib-ins 2010-2024 (base 2015),non,0.42
2015,recettes_non_fiscales,recettes_non_fiscales_minfin,budgetaire,bénéfices de l'ETAP,275.0,MDT,LFC 2015 (LF : néant),loi de finances complémentaire,minfin-projet-lfc-2015,rapport du projet de loi de finances complémentaire pour 2015 (juillet 2015),,25.0,"reprise de la note « rupture de 2015 » du précis (page lue à l'image le 6 octobre 2026), non relue ici",,89802.2,"pib-courant-par-base (INS, édition 2015-2020)",base 2015,pib-ins 2010-2024 (base 2015),non,0.31
2015,recettes_non_fiscales,recettes_non_fiscales_minfin,budgetaire,bénéfices de l'ETAP,180.0,MDT,"dus au titre de 2015, paiement différé (« environ »)",estimation,minfin-rapport-semestriel-2015-12,rapport semestriel sur l'exécution du budget de l'État à fin décembre 2015,19.0,19.0,"reprise de la note « rupture de 2015 » du précis (page lue à l'image le 6 octobre 2026), non relue ici",,89802.2,"pib-courant-par-base (INS, édition 2015-2020)",base 2015,pib-ins 2010-2024 (base 2015),non,0.2
