annee,famille,nature,recettes_MDT,etat,source,document,page_imprimee,page_pdf,lecture,note,famille_depense,poste_depense,depense_en_regard_MDT,couverture_pct,depenses_etat_hors_dette_MDT,part_depenses_etat_pct,pib_MDT,source_pib,base_pib,segment_pib,pib_retropole,rupture_pib,part_pib_pct,produits_de_base_MDT,couverture_produits_de_base_pct
1984,recettes_propres_cgc_bct,budgetaire,137.4,tableau « Recettes propres de la Caisse générale de compensation »,bct-ra-1985,"BCT, rapport annuel 1985",76.0,74,page lue à l'image (rendu à 110-120 dpi) le 6 octobre 2026,"dont taxe unique sur les carburants 51,5",cgc_charges_bct,produits_de_base,260.0,52.8,,,6412.4,wdi-tunisie (NY.GDP.MKTP.CN),"bases accolées par la Banque mondiale, non raccordées","wdi-tunisie 1961-1985 (bases accolées par la Banque mondiale, non raccordées)",non précisé par la source,,2.14,260.0,52.8
1985,recettes_propres_cgc_bct,budgetaire,138.4,tableau « Recettes propres de la Caisse générale de compensation »,bct-ra-1985,"BCT, rapport annuel 1985",76.0,74,page lue à l'image (rendu à 110-120 dpi) le 6 octobre 2026,"dont taxe unique sur les carburants 52,5 ; recettes fiscales affectées 38,5 ; taxe de formalité douanière 36,3 ; boissons alcoolisées 7,4",cgc_charges_bct,produits_de_base,265.0,52.2,,,7018.3,wdi-tunisie (NY.GDP.MKTP.CN),"bases accolées par la Banque mondiale, non raccordées","wdi-tunisie 1961-1985 (bases accolées par la Banque mondiale, non raccordées)",non précisé par la source,,1.97,265.0,52.2
1986,recettes_propres_cgc_bct,budgetaire,135.0,« les recettes propres […] ont totalisé 135 millions de dinars »,bct-ra-1986,"BCT, rapport annuel 1986",76.0,73,page lue à l'image (rendu à 110-120 dpi) le 6 octobre 2026,dont 72 de recettes fiscales affectées et 52 de taxe unique sur les carburants,cgc_charges_bct,produits_de_base,218.0,61.9,2395.0,5.64,7160.4,pib-minfin (déficit en dinars ÷ déficit en points de PIB),base 1983 présumée (aucune série de base connue avant 1992 dans l'entrepôt),pib-minfin 1986-1991 (base 1983 présumée),non précisé par la source,"Banque mondiale avant 1986, PIB du ministère des Finances ensuite",1.89,218.0,61.9
1991,recettes_propres_cgc_bct,budgetaire,13.0,« des recettes propres de 13 millions de dinars »,bct-ra-1991,"BCT, rapport annuel 1991",91.0,88,page lue à l'image (rendu à 110-120 dpi) le 6 octobre 2026,taxes sur les importations de viande bovine et de poudre de lait,cgc_charges_bct,produits_de_base,270.0,4.8,3514.0,0.37,12028.8,pib-minfin (déficit en dinars ÷ déficit en points de PIB),base 1983 présumée (aucune série de base connue avant 1992 dans l'entrepôt),pib-minfin 1986-1991 (base 1983 présumée),non précisé par la source,,0.11,270.0,4.8
1992,recettes_propres_cgc_bct,budgetaire,20.0,« des ressources propres pour 20 millions de dinars »,bct-ra-1992,"BCT, rapport annuel 1992",83.0,81,page lue à l'image (rendu à 110-120 dpi) le 6 octobre 2026,,cgc_charges_bct,produits_de_base,291.0,6.9,3656.4,0.55,13705.9,pib-minfin (déficit en dinars ÷ déficit en points de PIB),base 1983,pib-minfin 1992-1996 (base 1983),non précisé par la source,,0.15,291.0,6.9
1993,recettes_propres_cgc_bct,budgetaire,39.0,« des recettes propres de 39 millions de dinars »,bct-ra-1993,"BCT, rapport annuel 1993",76.0,75,page lue à l'image (rendu à 110-120 dpi) le 6 octobre 2026,,cgc_charges_bct,produits_de_base,314.0,12.4,4014.2,0.97,14662.9,pib-minfin (déficit en dinars ÷ déficit en points de PIB),base 1983,pib-minfin 1992-1996 (base 1983),non précisé par la source,,0.27,314.0,12.4
1994,recettes_propres_cgc_bct,budgetaire,19.0,« des recettes propres de 19 MD »,bct-ra-1994,"BCT, rapport annuel 1994",83.0,91,page lue à l'image (rendu à 110-120 dpi) le 6 octobre 2026,,cgc_charges_bct,produits_de_base,304.0,6.2,4276.6,0.44,15813.8,pib-minfin (déficit en dinars ÷ déficit en points de PIB),base 1983,pib-minfin 1992-1996 (base 1983),non précisé par la source,,0.12,304.0,6.2
1995,recettes_propres_cgc_bct,budgetaire,25.8,"« des ressources propres […] pour 25,8 MD »",bct-ra-1995,"BCT, rapport annuel 1995",78.0,85,page lue à l'image (rendu à 110-120 dpi) le 6 octobre 2026,« 28 MD en 1995 » dans le rapport 1996,cgc_charges_bct,produits_de_base,342.8,7.5,4584.2,0.56,17051.8,pib-minfin (déficit en dinars ÷ déficit en points de PIB),base 1983,pib-minfin 1992-1996 (base 1983),non précisé par la source,,0.15,342.8,7.5
1996,recettes_propres_cgc_bct,budgetaire,13.0,« 13 MD de ressources propres » (estimation),bct-ra-1996,"BCT, rapport annuel 1996",95.0,105,page lue à l'image (rendu à 110-120 dpi) le 6 octobre 2026,,cgc_charges_bct,produits_de_base,436.4,3.0,4858.3,0.27,19066.2,pib-minfin (déficit en dinars ÷ déficit en points de PIB),base 1983,pib-minfin 1992-1996 (base 1983),non précisé par la source,,0.07,436.4,3.0
1997,recettes_propres_cgc_bct,budgetaire,28.0,« des ressources propres de la Caisse de 28 MDT »,bct-ra-1997,"BCT, rapport annuel 1997",91.0,97,page lue à l'image (rendu à 110-120 dpi) le 6 octobre 2026,déficit limité à 23 MDT,cgc_charges_bct,produits_de_base,370.6,7.6,5292.7,0.53,22943.9,pib-minfin (déficit en dinars ÷ déficit en points de PIB),base 1997,pib-minfin 1997-2001 (base 1997),oui,"base 1983 → base 1997, rétropolée par l'INS (niveau + 9,8 %)",0.12,370.6,7.6
1998,recettes_propres_cgc_bct,budgetaire,28.0,« 28 MDT au titre des ressources propres »,bct-ra-1998,"BCT, rapport annuel 1998",,118,page lue à l'image (rendu à 110-120 dpi) le 6 octobre 2026,,cgc_charges_bct,produits_de_base,332.9,8.4,5607.9,0.5,24827.6,pib-minfin (déficit en dinars ÷ déficit en points de PIB),base 1997,pib-minfin 1997-2001 (base 1997),oui,,0.11,332.9,8.4
1999,recettes_propres_cgc_bct,budgetaire,2.0,« 2 MDT au titre des ressources propres de la Caisse »,bct-ra-1999,"BCT, rapport annuel 1999",,105,page lue à l'image (rendu à 110-120 dpi) le 6 octobre 2026,,cgc_charges_bct,produits_de_base,204.5,1.0,6165.3,0.03,27215.9,pib-minfin (déficit en dinars ÷ déficit en points de PIB),base 1997,pib-minfin 1997-2001 (base 1997),oui,,0.01,204.5,1.0
1974,recettes_totales_cgc_bct,budgetaire,18.4,opérations de la Caisse : recettes,bct-ra-1975,"BCT, rapport annuel 1975",,117,"reprise de la note documentaire du précis « avant 1970 et plans » (couche texte du PDF, 6 octobre 2026), non relue ici","recettes de toute nature, contribution du budget comprise (5,3 MD en 1974)",cgc_depenses_bct,produits_de_base,27.3,67.4,,,1547.8,wdi-tunisie (NY.GDP.MKTP.CN),"bases accolées par la Banque mondiale, non raccordées","wdi-tunisie 1961-1985 (bases accolées par la Banque mondiale, non raccordées)",non précisé par la source,,1.19,27.3,67.4
1975,recettes_totales_cgc_bct,budgetaire,52.5,opérations de la Caisse : recettes,bct-ra-1975,"BCT, rapport annuel 1975",,117,"reprise de la note documentaire du précis « avant 1970 et plans » (couche texte du PDF, 6 octobre 2026), non relue ici","recettes de toute nature, contribution du budget comprise (5,3 MD en 1974)",cgc_depenses_bct,produits_de_base,49.2,106.7,,,1741.4,wdi-tunisie (NY.GDP.MKTP.CN),"bases accolées par la Banque mondiale, non raccordées","wdi-tunisie 1961-1985 (bases accolées par la Banque mondiale, non raccordées)",non précisé par la source,,3.01,49.2,106.7
2009,recettes_affectees_cgc_minfin,budgetaire,36.6,recettes affectées du compte de la Caisse,minfin-finances-publiques-2011,rapport « Finances publiques » 2011 (ministère des Finances),,19,"valeur reprise du précis ; page retrouvée par la chaîne « 36,6 … 30,2 … 31,6 » dans la couche texte, libellé arabe non relu à l'image (aussi en annexe, p. PDF 85)",,budget,total,1430.0,2.6,14174.5,0.26,58883.3,pib-minfin (déficit en dinars ÷ déficit en points de PIB),base 1997,pib-minfin 2005-2009 (base 1997),non,,0.06,800.0,4.6
2010,recettes_affectees_cgc_minfin,budgetaire,30.2,recettes affectées du compte de la Caisse,minfin-finances-publiques-2011,rapport « Finances publiques » 2011 (ministère des Finances),,19,"valeur reprise du précis ; page retrouvée par la chaîne « 36,6 … 30,2 … 31,6 » dans la couche texte, libellé arabe non relu à l'image (aussi en annexe, p. PDF 85)",,budget,total,1500.0,2.0,14267.4,0.21,66139.7,"pib-courant-par-base (INS, classeur du 15 août 2021, base 2015 rétropolée)",base 2015,pib-ins 2010-2024 (base 2015),oui,"base 1997 → base 2015, rétropolée par l'INS (niveau + 4,9 %)",0.05,730.0,4.1
2011,recettes_affectees_cgc_minfin,budgetaire,31.6,recettes affectées du compte de la Caisse,minfin-finances-publiques-2011,rapport « Finances publiques » 2011 (ministère des Finances),,19,"valeur reprise du précis ; page retrouvée par la chaîne « 36,6 … 30,2 … 31,6 » dans la couche texte, libellé arabe non relu à l'image (aussi en annexe, p. PDF 85)",,budget,total,2869.2,1.1,17143.3,0.18,67747.3,"pib-courant-par-base (INS, classeur du 15 août 2021, base 2015 rétropolée)",base 2015,pib-ins 2010-2024 (base 2015),oui,,0.05,1100.0,2.9
