annee,famille,nature,poste,horizon,prevu_MDT,etat_prevu,source_prevu,page_imprimee_prevu,page_pdf_prevu,lecture_prevu,realise_MDT,etat_realise,source_realise,page_pdf_realise,note,periode,plan,prevu_pct_pib,realise_pct_pib_publie,realise_pct_pib_calcule,ecart_MDT,ecart_pct,ecart_points_pib
2007,budget,budgetaire,total,plan,928.0,"« compensation prévue au XIe Plan », annexe 23",minfin-finances-publiques-2008,,151,"reprise du relevé du précis (lecture sur pièce du 5 octobre 2026), non relue ici",1281.0,non qualifié,minfin-finances-publiques-2008,37.0,XIe Plan de développement (2007-2011),2007,XIe Plan (2007-2011),,,,353.0,38.0,
2008,budget,budgetaire,total,plan,929.0,"« compensation prévue au XIe Plan », annexe 23",minfin-finances-publiques-2008,,151,"reprise du relevé du précis (lecture sur pièce du 5 octobre 2026), non relue ici",2036.0,non qualifié,minfin-finances-publiques-2008,37.0,XIe Plan de développement (2007-2011),2008,XIe Plan (2007-2011),,,,1107.0,119.2,
2009,budget,budgetaire,total,plan,919.0,"« compensation prévue au XIe Plan », annexe 23",minfin-finances-publiques-2008,,151,"reprise du relevé du précis (lecture sur pièce du 5 octobre 2026), non relue ici",1430.0,non qualifié,minfin-finances-publiques-2011,30.0,XIe Plan de développement (2007-2011),2009,XIe Plan (2007-2011),,,,511.0,55.6,
2010,budget,budgetaire,total,plan,912.0,"« compensation prévue au XIe Plan », annexe 23",minfin-finances-publiques-2008,,151,"reprise du relevé du précis (lecture sur pièce du 5 octobre 2026), non relue ici",1500.0,non qualifié,minfin-finances-publiques-2011,30.0,XIe Plan de développement (2007-2011),2010,XIe Plan (2007-2011),,,,588.0,64.5,
2011,budget,budgetaire,total,plan : cumul de la période,4597.0,"cumul des cinq prévisions annuelles, fait par le script",minfin-finances-publiques-2008,,151,"reprise du relevé du précis (lecture sur pièce du 5 octobre 2026), non relue ici",9116.2,"cumul des valeurs retenues, fait par le script",compensation-depense,,,2007-2011,XIe Plan (2007-2011),,,3.06,4519.2,98.3,
2011,budget,budgetaire,total,plan,909.0,"« compensation prévue au XIe Plan », annexe 23",minfin-finances-publiques-2008,,151,"reprise du relevé du précis (lecture sur pièce du 5 octobre 2026), non relue ici",2869.2,non qualifié,minfin-finances-publiques-2011,30.0,XIe Plan de développement (2007-2011),2011,XIe Plan (2007-2011),,,,1960.2,215.6,
2012,budget,budgetaire,total,loi de finances complémentaire,3207.5,LFC 2012,minfin-resultats-provisoires-2013-03,,16,"reprise de la relecture à l'image du 6 octobre 2026 (note documentaire du précis, § 10), non relue ici",3624.1,non qualifié,minfin-resultats-provisoires-2017-01,9.0,,2012,,,,,416.6,13.0,
2012,budget,budgetaire,produits_de_base,loi de finances complémentaire,1242.0,LFC 2012,minfin-resultats-provisoires-2013-03,,16,"reprise de la relecture à l'image du 6 octobre 2026 (note documentaire du précis, § 10), non relue ici",1235.6,non qualifié,minfin-resultats-provisoires-2017-01,9.0,,2012,,,,,-6.4,-0.5,
2012,budget,budgetaire,carburants,loi de finances complémentaire,1688.0,LFC 2012,minfin-resultats-provisoires-2013-03,,16,"reprise de la relecture à l'image du 6 octobre 2026 (note documentaire du précis, § 10), non relue ici",2111.0,non qualifié,minfin-resultats-provisoires-2017-01,9.0,,2012,,,,,423.0,25.1,
2012,budget,budgetaire,transport,loi de finances complémentaire,277.5,LFC 2012,minfin-resultats-provisoires-2013-03,,16,"reprise de la relecture à l'image du 6 octobre 2026 (note documentaire du précis, § 10), non relue ici",277.5,non qualifié,minfin-resultats-provisoires-2017-01,9.0,,2012,,,,,0.0,0.0,
2013,budget,budgetaire,total,loi de finances,4200.0,LF 2013,minfin-resultats-provisoires-2013-03,,16,"reprise de la relecture à l'image du 6 octobre 2026 (note documentaire du précis, § 10), non relue ici",5514.0,non qualifié,minfin-resultats-provisoires-2017-01,9.0,,2013,,,,,1314.0,31.3,
2013,budget,budgetaire,produits_de_base,loi de finances,1350.0,LF 2013,minfin-resultats-provisoires-2013-03,,16,"reprise de la relecture à l'image du 6 octobre 2026 (note documentaire du précis, § 10), non relue ici",1450.0,non qualifié,minfin-resultats-provisoires-2017-01,9.0,,2013,,,,,100.0,7.4,
2013,budget,budgetaire,carburants,loi de finances,2520.0,LF 2013,minfin-resultats-provisoires-2013-03,,16,"reprise de la relecture à l'image du 6 octobre 2026 (note documentaire du précis, § 10), non relue ici",3734.0,non qualifié,minfin-resultats-provisoires-2017-01,9.0,,2013,,,,,1214.0,48.2,
2013,budget,budgetaire,transport,loi de finances,330.0,LF 2013,minfin-resultats-provisoires-2013-03,,16,"reprise de la relecture à l'image du 6 octobre 2026 (note documentaire du précis, § 10), non relue ici",330.0,non qualifié,minfin-resultats-provisoires-2017-01,9.0,,2013,,,,,0.0,0.0,
2015,budget,budgetaire,total,plan : constat sur la période précédente,19025.0,"CONSTAT du plan sur 2011-2015 (« 5,1 % du PIB »), non une prévision : sert à contrôler que le plan et le relevé parlent de la même grandeur",plan-2016-2020-vol1,81.0,87,"reprise de la note « avant 1970 et plans » (page lue à l'image le 6 octobre 2026), non relue ici",19043.9,"cumul des valeurs retenues, fait par le script",compensation-depense,,"PIB du calcul : INS, base 2015 rétropolée ; le plan, antérieur au changement de base, emploie un PIB plus faible",2011-2015,Plan de développement 2016-2020,5.1,,4.81,18.9,0.1,-0.29
2015,budget,budgetaire,total,loi de finances,3742.0,LF 2015,minfin-projet-lfc-2015,,27,"reprise de la note documentaire du précis sur la rupture de 2015 (page lue à l'image le 6 octobre 2026), non relue ici",2882.9,réalisé,minfin-note-execution-2018-12,7.0,valeurs à l'unité ; le même tableau donne la LFC à 3 232 (1 530 / 1 286 / 416),2015,,,,,-859.1,-23.0,
2015,budget,budgetaire,produits_de_base,loi de finances,1500.0,LF 2015,minfin-projet-lfc-2015,,27,"reprise de la note documentaire du précis sur la rupture de 2015 (page lue à l'image le 6 octobre 2026), non relue ici",1549.0,réalisé,minfin-note-execution-2018-12,7.0,valeurs à l'unité ; le même tableau donne la LFC à 3 232 (1 530 / 1 286 / 416),2015,,,,,49.0,3.3,
2015,budget,budgetaire,carburants,loi de finances,1826.0,LF 2015,minfin-projet-lfc-2015,,27,"reprise de la note documentaire du précis sur la rupture de 2015 (page lue à l'image le 6 octobre 2026), non relue ici",918.0,réalisé,minfin-note-execution-2018-12,7.0,valeurs à l'unité ; le même tableau donne la LFC à 3 232 (1 530 / 1 286 / 416),2015,,,,,-908.0,-49.7,
2015,budget,budgetaire,transport,loi de finances,416.0,LF 2015,minfin-projet-lfc-2015,,27,"reprise de la note documentaire du précis sur la rupture de 2015 (page lue à l'image le 6 octobre 2026), non relue ici",415.9,réalisé,minfin-note-execution-2018-12,7.0,valeurs à l'unité ; le même tableau donne la LFC à 3 232 (1 530 / 1 286 / 416),2015,,,,,-0.1,-0.0,
2015,budget,budgetaire,total,loi de finances complémentaire,3232.0,LFC 2015,minfin-resultats-provisoires-2015-12,,10,"reprise de la relecture à l'image du 6 octobre 2026 (note documentaire du précis, § 10), non relue ici",2882.9,réalisé,minfin-note-execution-2018-12,7.0,,2015,,,,,-349.1,-10.8,
2015,budget,budgetaire,produits_de_base,loi de finances complémentaire,1530.0,LFC 2015,minfin-resultats-provisoires-2015-12,,10,"reprise de la relecture à l'image du 6 octobre 2026 (note documentaire du précis, § 10), non relue ici",1549.0,réalisé,minfin-note-execution-2018-12,7.0,,2015,,,,,19.0,1.2,
2015,budget,budgetaire,carburants,loi de finances complémentaire,1286.0,LFC 2015,minfin-resultats-provisoires-2015-12,,10,"reprise de la relecture à l'image du 6 octobre 2026 (note documentaire du précis, § 10), non relue ici",918.0,réalisé,minfin-note-execution-2018-12,7.0,,2015,,,,,-368.0,-28.6,
2015,budget,budgetaire,transport,loi de finances complémentaire,416.0,LFC 2015,minfin-resultats-provisoires-2015-12,,10,"reprise de la relecture à l'image du 6 octobre 2026 (note documentaire du précis, § 10), non relue ici",415.9,réalisé,minfin-note-execution-2018-12,7.0,,2015,,,,,-0.1,-0.0,
2016,budget,budgetaire,total,loi de finances,2612.0,LF 2016,minfin-resultats-provisoires-2015-12,,10,"reprise de la relecture à l'image du 6 octobre 2026 (note documentaire du précis, § 10), non relue ici",2210.7,réalisé,minfin-note-execution-2018-12,7.0,,2016,,,,,-401.3,-15.4,
2016,budget,budgetaire,produits_de_base,loi de finances,1600.0,LF 2016,minfin-resultats-provisoires-2015-12,,10,"reprise de la relecture à l'image du 6 octobre 2026 (note documentaire du précis, § 10), non relue ici",1580.7,réalisé,minfin-note-execution-2018-12,7.0,,2016,,,,,-19.3,-1.2,
2016,budget,budgetaire,carburants,loi de finances,579.0,LF 2016,minfin-resultats-provisoires-2015-12,,10,"reprise de la relecture à l'image du 6 octobre 2026 (note documentaire du précis, § 10), non relue ici",197.0,réalisé,minfin-note-execution-2018-12,7.0,,2016,,,,,-382.0,-66.0,
2016,budget,budgetaire,transport,loi de finances,433.0,LF 2016,minfin-resultats-provisoires-2015-12,,10,"reprise de la relecture à l'image du 6 octobre 2026 (note documentaire du précis, § 10), non relue ici",433.0,réalisé,minfin-note-execution-2018-12,7.0,,2016,,,,,0.0,0.0,
2016,budget,budgetaire,total,loi de finances complémentaire,2249.0,LFC 2016,minfin-resultats-provisoires-2017-01,,9,"reprise de la relecture à l'image du 6 octobre 2026 (note documentaire du précis, § 10), non relue ici",2210.7,réalisé,minfin-note-execution-2018-12,7.0,,2016,,,,,-38.3,-1.7,
2016,budget,budgetaire,produits_de_base,loi de finances complémentaire,1619.0,LFC 2016,minfin-resultats-provisoires-2017-01,,9,"reprise de la relecture à l'image du 6 octobre 2026 (note documentaire du précis, § 10), non relue ici",1580.7,réalisé,minfin-note-execution-2018-12,7.0,,2016,,,,,-38.3,-2.4,
2016,budget,budgetaire,carburants,loi de finances complémentaire,197.0,LFC 2016,minfin-resultats-provisoires-2017-01,,9,"reprise de la relecture à l'image du 6 octobre 2026 (note documentaire du précis, § 10), non relue ici",197.0,réalisé,minfin-note-execution-2018-12,7.0,,2016,,,,,0.0,0.0,
2016,budget,budgetaire,transport,loi de finances complémentaire,433.0,LFC 2016,minfin-resultats-provisoires-2017-01,,9,"reprise de la relecture à l'image du 6 octobre 2026 (note documentaire du précis, § 10), non relue ici",433.0,réalisé,minfin-note-execution-2018-12,7.0,,2016,,,,,0.0,0.0,
2017,budget,budgetaire,total,loi de finances,2700.0,LF 2017,minfin-resultats-provisoires-2017-01,,9,"reprise de la relecture à l'image du 6 octobre 2026 (note documentaire du précis, § 10), non relue ici",3492.2,réalisé,minfin-note-execution-2018-12,7.0,,2017,,,,,792.2,29.3,
2017,budget,budgetaire,produits_de_base,loi de finances,1600.0,LF 2017,minfin-resultats-provisoires-2017-01,,9,"reprise de la relecture à l'image du 6 octobre 2026 (note documentaire du précis, § 10), non relue ici",1494.0,réalisé,minfin-note-execution-2018-12,7.0,,2017,,,,,-106.0,-6.6,
2017,budget,budgetaire,carburants,loi de finances,650.0,LF 2017,minfin-resultats-provisoires-2017-01,,9,"reprise de la relecture à l'image du 6 octobre 2026 (note documentaire du précis, § 10), non relue ici",1550.0,réalisé,minfin-note-execution-2018-12,7.0,,2017,,,,,900.0,138.5,
2017,budget,budgetaire,transport,loi de finances,450.0,LF 2017,minfin-resultats-provisoires-2017-01,,9,"reprise de la relecture à l'image du 6 octobre 2026 (note documentaire du précis, § 10), non relue ici",448.2,réalisé,minfin-note-execution-2018-12,7.0,,2017,,,,,-1.8,-0.4,
2017,budget,budgetaire,total,loi de finances complémentaire,3450.0,LFC 2017,minfin-resultats-provisoires-2018-07,,9,"reprise de la relecture à l'image du 6 octobre 2026 (note documentaire du précis, § 10), non relue ici",3492.2,réalisé,minfin-note-execution-2018-12,7.0,,2017,,,,,42.2,1.2,
2017,budget,budgetaire,produits_de_base,loi de finances complémentaire,1500.0,LFC 2017,minfin-resultats-provisoires-2018-07,,9,"reprise de la relecture à l'image du 6 octobre 2026 (note documentaire du précis, § 10), non relue ici",1494.0,réalisé,minfin-note-execution-2018-12,7.0,,2017,,,,,-6.0,-0.4,
2017,budget,budgetaire,carburants,loi de finances complémentaire,1500.0,LFC 2017,minfin-resultats-provisoires-2018-07,,9,"reprise de la relecture à l'image du 6 octobre 2026 (note documentaire du précis, § 10), non relue ici",1550.0,réalisé,minfin-note-execution-2018-12,7.0,,2017,,,,,50.0,3.3,
2017,budget,budgetaire,transport,loi de finances complémentaire,450.0,LFC 2017,minfin-resultats-provisoires-2018-07,,9,"reprise de la relecture à l'image du 6 octobre 2026 (note documentaire du précis, § 10), non relue ici",448.2,réalisé,minfin-note-execution-2018-12,7.0,,2017,,,,,-1.8,-0.4,
2018,budget,budgetaire,total,loi de finances,3520.0,LF 2018,minfin-resultats-provisoires-2018-07,,9,"reprise de la relecture à l'image du 6 octobre 2026 (note documentaire du précis, § 10), non relue ici",4900.0,réalisé,minfin-note-execution-2018-12,7.0,,2018,,,,,1380.0,39.2,
2018,budget,budgetaire,produits_de_base,loi de finances,1570.0,LF 2018,minfin-resultats-provisoires-2018-07,,9,"reprise de la relecture à l'image du 6 octobre 2026 (note documentaire du précis, § 10), non relue ici",1750.0,réalisé,minfin-note-execution-2018-12,7.0,,2018,,,,,180.0,11.5,
2018,budget,budgetaire,carburants,loi de finances,1500.0,LF 2018,minfin-resultats-provisoires-2018-07,,9,"reprise de la relecture à l'image du 6 octobre 2026 (note documentaire du précis, § 10), non relue ici",2700.0,réalisé,minfin-note-execution-2018-12,7.0,,2018,,,,,1200.0,80.0,
2018,budget,budgetaire,transport,loi de finances,450.0,LF 2018,minfin-resultats-provisoires-2018-07,,9,"reprise de la relecture à l'image du 6 octobre 2026 (note documentaire du précis, § 10), non relue ici",450.0,réalisé,minfin-note-execution-2018-12,7.0,,2018,,,,,0.0,0.0,
2019,budget,budgetaire,total,prévision,4350.0,"colonne 2019 du rapport 2018, non qualifiée",bct-ra-2018,41.0,49,"reprise de la relecture à l'image du 6 octobre 2026 (note documentaire du précis, § 10), non relue ici",4788.0,non qualifié,bct-ra-2020,72.0,une note du ministère à fin mars 2019 l'étiquette « ق م » (LF 2019),2019,,,,,438.0,10.1,
2019,budget,budgetaire,produits_de_base,prévision,1800.0,"colonne 2019 du rapport 2018, non qualifiée",bct-ra-2018,41.0,49,"reprise de la relecture à l'image du 6 octobre 2026 (note documentaire du précis, § 10), non relue ici",1800.0,non qualifié,bct-ra-2020,72.0,une note du ministère à fin mars 2019 l'étiquette « ق م » (LF 2019),2019,,,,,0.0,0.0,
2019,budget,budgetaire,carburants,prévision,2100.0,"colonne 2019 du rapport 2018, non qualifiée",bct-ra-2018,41.0,49,"reprise de la relecture à l'image du 6 octobre 2026 (note documentaire du précis, § 10), non relue ici",2538.0,non qualifié,bct-ra-2020,72.0,une note du ministère à fin mars 2019 l'étiquette « ق م » (LF 2019),2019,,,,,438.0,20.9,
2019,budget,budgetaire,transport,prévision,450.0,"colonne 2019 du rapport 2018, non qualifiée",bct-ra-2018,41.0,49,"reprise de la relecture à l'image du 6 octobre 2026 (note documentaire du précis, § 10), non relue ici",450.0,non qualifié,bct-ra-2020,72.0,une note du ministère à fin mars 2019 l'étiquette « ق م » (LF 2019),2019,,,,,0.0,0.0,
2020,budget,budgetaire,total,plan : cumul de la période,11553.0,"dépenses de compensation prévues sur 2016-2020, « soit 2,1 % du PIB » (base du PIB non précisée par le plan)",plan-2016-2020-vol1,81.0,87,"reprise de la note « avant 1970 et plans » (page lue à l'image le 6 octobre 2026), non relue ici",19876.9,"cumul des valeurs retenues, fait par le script (2019 et 2020 : colonnes non qualifiées)",compensation-depense,,"le plan prévoit aussi les produits de base « autour de 1 % du PIB en 2020 » ; PIB du calcul : INS, base 2015",2016-2020,Plan de développement 2016-2020,2.1,,3.6,8323.9,72.0,1.5
2020,budget,budgetaire,total,prévision,4180.0,"colonne 2020 du rapport 2019, non qualifiée",bct-ra-2019,60.0,68,"reprise de la relecture à l'image du 6 octobre 2026 (note documentaire du précis, § 10), non relue ici",4486.0,non qualifié,bct-ra-2021,67.0,,2020,,,,,306.0,7.3,
2020,budget,budgetaire,produits_de_base,prévision,1800.0,"colonne 2020 du rapport 2019, non qualifiée",bct-ra-2019,60.0,68,"reprise de la relecture à l'image du 6 octobre 2026 (note documentaire du précis, § 10), non relue ici",2416.0,non qualifié,bct-ra-2021,67.0,,2020,,,,,616.0,34.2,
2020,budget,budgetaire,carburants,prévision,1880.0,"colonne 2020 du rapport 2019, non qualifiée",bct-ra-2019,60.0,68,"reprise de la relecture à l'image du 6 octobre 2026 (note documentaire du précis, § 10), non relue ici",1470.0,non qualifié,bct-ra-2021,67.0,,2020,,,,,-410.0,-21.8,
2020,budget,budgetaire,transport,prévision,500.0,"colonne 2020 du rapport 2019, non qualifiée",bct-ra-2019,60.0,68,"reprise de la relecture à l'image du 6 octobre 2026 (note documentaire du précis, § 10), non relue ici",600.0,non qualifié,bct-ra-2021,67.0,,2020,,,,,100.0,20.0,
2021,budget,budgetaire,total,prévision,3101.0,"colonne 2021 du rapport 2020, non qualifiée",bct-ra-2020,62.0,72,"reprise de la relecture à l'image du 6 octobre 2026 (note documentaire du précis, § 10), non relue ici",6031.0,non qualifié,bct-ra-2022,68.0,,2021,,,,,2930.0,94.5,
2021,budget,budgetaire,produits_de_base,prévision,2200.0,"colonne 2021 du rapport 2020, non qualifiée",bct-ra-2020,62.0,72,"reprise de la relecture à l'image du 6 octobre 2026 (note documentaire du précis, § 10), non relue ici",2200.0,non qualifié,bct-ra-2022,68.0,,2021,,,,,0.0,0.0,
2021,budget,budgetaire,carburants,prévision,401.0,"colonne 2021 du rapport 2020, non qualifiée",bct-ra-2020,62.0,72,"reprise de la relecture à l'image du 6 octobre 2026 (note documentaire du précis, § 10), non relue ici",3327.0,non qualifié,bct-ra-2022,68.0,,2021,,,,,2926.0,729.7,
2021,budget,budgetaire,transport,prévision,500.0,"colonne 2021 du rapport 2020, non qualifiée",bct-ra-2020,62.0,72,"reprise de la relecture à l'image du 6 octobre 2026 (note documentaire du précis, § 10), non relue ici",504.0,non qualifié,bct-ra-2022,68.0,,2021,,,,,4.0,0.8,
2022,budget,budgetaire,total,prévision,7262.0,"colonne 2022 du rapport 2021, non qualifiée",bct-ra-2021,57.0,67,"reprise de la relecture à l'image du 6 octobre 2026 (note documentaire du précis, § 10), non relue ici",11999.0,non qualifié,bct-ra-2023,72.0,,2022,,,,,4737.0,65.2,
2022,budget,budgetaire,produits_de_base,prévision,3771.0,"colonne 2022 du rapport 2021, non qualifiée",bct-ra-2021,57.0,67,"reprise de la relecture à l'image du 6 octobre 2026 (note documentaire du précis, § 10), non relue ici",3771.0,non qualifié,bct-ra-2023,72.0,,2022,,,,,0.0,0.0,
2022,budget,budgetaire,carburants,prévision,2891.0,"colonne 2022 du rapport 2021, non qualifiée",bct-ra-2021,57.0,67,"reprise de la relecture à l'image du 6 octobre 2026 (note documentaire du précis, § 10), non relue ici",7628.0,non qualifié,bct-ra-2023,72.0,,2022,,,,,4737.0,163.9,
2022,budget,budgetaire,transport,prévision,600.0,"colonne 2022 du rapport 2021, non qualifiée",bct-ra-2021,57.0,67,"reprise de la relecture à l'image du 6 octobre 2026 (note documentaire du précis, § 10), non relue ici",600.0,non qualifié,bct-ra-2023,72.0,,2022,,,,,0.0,0.0,
2023,budget,budgetaire,total,prévision,8832.0,« 2023* Provisoires »,bct-ra-2022,60.0,68,"reprise de la relecture à l'image du 6 octobre 2026 (note documentaire du précis, § 10), non relue ici",11479.5,non qualifié,bct-ra-2024,75.0,,2023,,,,,2647.5,30.0,
2023,budget,budgetaire,produits_de_base,prévision,2523.0,« 2023* Provisoires »,bct-ra-2022,60.0,68,"reprise de la relecture à l'image du 6 octobre 2026 (note documentaire du précis, § 10), non relue ici",3809.5,non qualifié,bct-ra-2024,75.0,,2023,,,,,1286.5,51.0,
2023,budget,budgetaire,carburants,prévision,5669.0,« 2023* Provisoires »,bct-ra-2022,60.0,68,"reprise de la relecture à l'image du 6 octobre 2026 (note documentaire du précis, § 10), non relue ici",7030.0,non qualifié,bct-ra-2024,75.0,,2023,,,,,1361.0,24.0,
2023,budget,budgetaire,transport,prévision,640.0,« 2023* Provisoires »,bct-ra-2022,60.0,68,"reprise de la relecture à l'image du 6 octobre 2026 (note documentaire du précis, § 10), non relue ici",640.0,non qualifié,bct-ra-2024,75.0,,2023,,,,,0.0,0.0,
2024,budget,budgetaire,total,loi de finances,11337.0,« 2024* Provisoires (LF 2024) »,bct-ra-2023,64.0,72,"reprise de la relecture à l'image du 6 octobre 2026 (note documentaire du précis, § 10), non relue ici",11347.5,non qualifié,bct-ra-2025,83.0,,2024,,,,,10.5,0.1,
2024,budget,budgetaire,produits_de_base,loi de finances,3591.0,« 2024* Provisoires (LF 2024) »,bct-ra-2023,64.0,72,"reprise de la relecture à l'image du 6 octobre 2026 (note documentaire du précis, § 10), non relue ici",3601.5,non qualifié,bct-ra-2025,83.0,,2024,,,,,10.5,0.3,
2024,budget,budgetaire,carburants,loi de finances,7086.0,« 2024* Provisoires (LF 2024) »,bct-ra-2023,64.0,72,"reprise de la relecture à l'image du 6 octobre 2026 (note documentaire du précis, § 10), non relue ici",7086.0,non qualifié,bct-ra-2025,83.0,,2024,,,,,0.0,0.0,
2024,budget,budgetaire,transport,loi de finances,660.0,« 2024* Provisoires (LF 2024) »,bct-ra-2023,64.0,72,"reprise de la relecture à l'image du 6 octobre 2026 (note documentaire du précis, § 10), non relue ici",660.0,non qualifié,bct-ra-2025,83.0,,2024,,,,,0.0,0.0,
2025,budget,budgetaire,total,loi de finances,11593.0,colonne « 2025 » non qualifiée du rapport 2025 ; égale au dixième à la colonne « 2025* Provisoires (LF 2025) » du rapport 2024,bct-ra-2025,71.0,83,"reprise de la relecture à l'image du 6 octobre 2026 (note documentaire du précis, § 10), non relue ici",,,,,À NE PAS PRÉSENTER COMME UN RÉALISÉ : la valeur est celle de la loi de finances pour 2025,2025,,,,,,,
2025,budget,budgetaire,produits_de_base,loi de finances,3801.0,colonne « 2025 » non qualifiée du rapport 2025 ; égale au dixième à la colonne « 2025* Provisoires (LF 2025) » du rapport 2024,bct-ra-2025,71.0,83,"reprise de la relecture à l'image du 6 octobre 2026 (note documentaire du précis, § 10), non relue ici",,,,,À NE PAS PRÉSENTER COMME UN RÉALISÉ : la valeur est celle de la loi de finances pour 2025,2025,,,,,,,
2025,budget,budgetaire,carburants,loi de finances,7112.0,colonne « 2025 » non qualifiée du rapport 2025 ; égale au dixième à la colonne « 2025* Provisoires (LF 2025) » du rapport 2024,bct-ra-2025,71.0,83,"reprise de la relecture à l'image du 6 octobre 2026 (note documentaire du précis, § 10), non relue ici",,,,,À NE PAS PRÉSENTER COMME UN RÉALISÉ : la valeur est celle de la loi de finances pour 2025,2025,,,,,,,
2025,budget,budgetaire,transport,loi de finances,680.0,colonne « 2025 » non qualifiée du rapport 2025 ; égale au dixième à la colonne « 2025* Provisoires (LF 2025) » du rapport 2024,bct-ra-2025,71.0,83,"reprise de la relecture à l'image du 6 octobre 2026 (note documentaire du précis, § 10), non relue ici",,,,,À NE PAS PRÉSENTER COMME UN RÉALISÉ : la valeur est celle de la loi de finances pour 2025,2025,,,,,,,
2026,budget,budgetaire,total,loi de finances,9772.0,« 2026* Provisoires (LF 2026) »,bct-ra-2025,71.0,83,"reprise de la relecture à l'image du 6 octobre 2026 (note documentaire du précis, § 10), non relue ici",,,,,prévision ; aucun dénominateur n'existe pour 2026,2026,,,,,,,
2026,budget,budgetaire,produits_de_base,loi de finances,4079.0,« 2026* Provisoires (LF 2026) »,bct-ra-2025,71.0,83,"reprise de la relecture à l'image du 6 octobre 2026 (note documentaire du précis, § 10), non relue ici",,,,,prévision ; aucun dénominateur n'existe pour 2026,2026,,,,,,,
2026,budget,budgetaire,carburants,loi de finances,4993.0,« 2026* Provisoires (LF 2026) »,bct-ra-2025,71.0,83,"reprise de la relecture à l'image du 6 octobre 2026 (note documentaire du précis, § 10), non relue ici",,,,,prévision ; aucun dénominateur n'existe pour 2026,2026,,,,,,,
2026,budget,budgetaire,transport,loi de finances,700.0,« 2026* Provisoires (LF 2026) »,bct-ra-2025,71.0,83,"reprise de la relecture à l'image du 6 octobre 2026 (note documentaire du précis, § 10), non relue ici",,,,,prévision ; aucun dénominateur n'existe pour 2026,2026,,,,,,,
1989,budget_dotation_cgc_bct,budgetaire,produits_de_base,loi de finances,285.0,« une dotation budgétaire de 285 millions de dinars prévue initialement »,bct-ra-1989,,5,"couche texte du PDF numérique, chaîne recherchée et retrouvée le 6 octobre 2026",,,,,aucun réalisé lu pour 1989 ; les charges de l'année atteignent 378 millions,1989,,,,,,,
2007,budget_dotation_cgc_bct,budgetaire,produits_de_base,loi de finances,313.0,« une dotation budgétaire de 313 MDT prévue dans la Loi de Finances »,bct-ra-2007,106.0,129,"couche texte du PDF numérique, chaîne recherchée et retrouvée le 6 octobre 2026",598.0,réalisé,bct-ra-2007,129.0,,2007,,,,,285.0,91.1,
1986,cgc_charges_bct,budgetaire,produits_de_base,prévision,272.0,« prévues initialement à 272 millions de dinars »,bct-ra-1986,76.0,73,page lue à l'image (rendu à 110-120 dpi) le 6 octobre 2026,218.0,non qualifié,bct-ra-1988,66.0,,1986,,,,,-54.0,-19.9,
1987,cgc_charges_bct,budgetaire,produits_de_base,prévision,213.0,« 213 millions de dinars prévus initialement »,bct-ra-1987,70.0,66,page lue à l'image (rendu à 110-120 dpi) le 6 octobre 2026,195.8,non qualifié,bct-ra-1988,66.0,,1987,,,,,-17.2,-8.1,
1991,cgc_charges_bct,budgetaire,produits_de_base,prévision,292.0,« 292 millions prévus initialement »,bct-ra-1991,90.0,87,page lue à l'image (rendu à 110-120 dpi) le 6 octobre 2026,270.0,réalisé,bct-ra-1992,80.0,,1991,,,,,-22.0,-7.5,
1992,cgc_charges_bct,budgetaire,produits_de_base,prévision,300.0,« 300 millions prévus initialement »,bct-ra-1992,82.0,80,page lue à l'image (rendu à 110-120 dpi) le 6 octobre 2026,291.0,réalisé,bct-ra-1993,75.0,,1992,,,,,-9.0,-3.0,
1993,cgc_charges_bct,budgetaire,produits_de_base,prévision,308.0,« 308 millions prévus initialement »,bct-ra-1993,76.0,75,page lue à l'image (rendu à 110-120 dpi) le 6 octobre 2026,314.0,réalisé,bct-ra-1994,90.0,,1993,,,,,6.0,1.9,
1995,cgc_charges_bct,budgetaire,produits_de_base,prévision,305.0,« 305 MD prévus dans le budget économique »,bct-ra-1995,77.0,84,page lue à l'image (rendu à 110-120 dpi) le 6 octobre 2026,342.8,estimation,bct-ra-1995,84.0,,1995,,,,,37.8,12.4,
1997,cgc_charges_bct,budgetaire,produits_de_base,plan : objectif en part du PIB,,"« objectif de 1 % retenu pour 2001, année terminale du IXème Plan » : objectif de fin de plan, sans trajectoire annuelle",bct-ra-1998,,118,page lue à l'image (rendu à 110-120 dpi) le 6 octobre 2026,370.6,charges de la Caisse (valeur retenue),compensation-depense,,"objectif repris par les rapports 1999 (p. PDF 105) et 2001 (p. PDF 106) de la Banque centrale ; la part publiée l'est par la Banque centrale sur le PIB de la base 1983, la part calculée l'est sur le PIB retenu (base 1997)",1997,IXe Plan (1997-2001),,1.8,1.62,,,
1998,cgc_charges_bct,budgetaire,produits_de_base,plan : objectif en part du PIB,,"« objectif de 1 % retenu pour 2001, année terminale du IXème Plan » : objectif de fin de plan, sans trajectoire annuelle",bct-ra-1998,,118,page lue à l'image (rendu à 110-120 dpi) le 6 octobre 2026,332.9,charges de la Caisse (valeur retenue),compensation-depense,,"objectif repris par les rapports 1999 (p. PDF 105) et 2001 (p. PDF 106) de la Banque centrale ; la part publiée l'est par la Banque centrale sur le PIB de la base 1983, la part calculée l'est sur le PIB retenu (base 1997)",1998,IXe Plan (1997-2001),,1.5,1.34,,,
1998,cgc_charges_bct,budgetaire,produits_de_base,prévision,400.0,« prévisions initiales de 400 MDT contenues dans le budget économique »,bct-ra-1998,,118,page lue à l'image (rendu à 110-120 dpi) le 6 octobre 2026,332.9,non qualifié,bct-ra-2003,111.0,,1998,,,,,-67.1,-16.8,
1999,cgc_charges_bct,budgetaire,produits_de_base,plan : objectif en part du PIB,,"« objectif de 1 % retenu pour 2001, année terminale du IXème Plan » : objectif de fin de plan, sans trajectoire annuelle",bct-ra-1998,,118,page lue à l'image (rendu à 110-120 dpi) le 6 octobre 2026,204.5,charges de la Caisse (valeur retenue),compensation-depense,,"objectif repris par les rapports 1999 (p. PDF 105) et 2001 (p. PDF 106) de la Banque centrale ; la part publiée l'est par la Banque centrale sur le PIB de la base 1983, la part calculée l'est sur le PIB retenu (base 1997)",1999,IXe Plan (1997-2001),,0.8,0.75,,,
1999,cgc_charges_bct,budgetaire,produits_de_base,loi de finances,310.0,« prévisions initiales de 310 MDT inscrites dans la loi de finances »,bct-ra-1999,,105,page lue à l'image (rendu à 110-120 dpi) le 6 octobre 2026,204.5,non qualifié,bct-ra-2004,113.0,,1999,,,,,-105.5,-34.0,
2000,cgc_charges_bct,budgetaire,produits_de_base,plan : objectif en part du PIB,,"« objectif de 1 % retenu pour 2001, année terminale du IXème Plan » : objectif de fin de plan, sans trajectoire annuelle",bct-ra-1998,,118,page lue à l'image (rendu à 110-120 dpi) le 6 octobre 2026,225.3,charges de la Caisse (valeur retenue),compensation-depense,,"objectif repris par les rapports 1999 (p. PDF 105) et 2001 (p. PDF 106) de la Banque centrale ; la part publiée l'est par la Banque centrale sur le PIB de la base 1983, la part calculée l'est sur le PIB retenu (base 1997)",2000,IXe Plan (1997-2001),,0.8,0.77,,,
2000,cgc_charges_bct,budgetaire,produits_de_base,prévision,256.0,« prévisions initiales de 256 MDT contenues dans le budget économique »,bct-ra-2000,101.0,108,page lue à l'image (rendu à 110-120 dpi) le 6 octobre 2026,225.3,non qualifié,bct-ra-2005,115.0,,2000,,,,,-30.7,-12.0,
2001,cgc_charges_bct,budgetaire,produits_de_base,plan : objectif en part du PIB,,"« objectif de 1 % retenu pour 2001, année terminale du IXème Plan » : objectif de fin de plan, sans trajectoire annuelle",bct-ra-1998,,118,page lue à l'image (rendu à 110-120 dpi) le 6 octobre 2026,247.9,charges de la Caisse (valeur retenue),compensation-depense,,"objectif repris par les rapports 1999 (p. PDF 105) et 2001 (p. PDF 106) de la Banque centrale ; la part publiée l'est par la Banque centrale sur le PIB de la base 1983, la part calculée l'est sur le PIB retenu (base 1997)",2001,IXe Plan (1997-2001),1.0,0.9,0.78,,,-0.22
2001,cgc_charges_bct,budgetaire,produits_de_base,prévision,281.0,« prévisions initiales de 281 MDT »,bct-ra-2001,96.0,106,"couche texte du PDF numérique, chaîne recherchée et retrouvée le 6 octobre 2026",247.9,non qualifié,bct-ra-2005,115.0,,2001,,,,,-33.1,-11.8,
2002,cgc_charges_bct,budgetaire,produits_de_base,prévision,240.0,« prévisions initiales de 240 MDT contenues dans le Budget économique »,bct-ra-2002,94.0,103,"couche texte du PDF numérique, chaîne recherchée et retrouvée le 6 octobre 2026",226.2,non qualifié,bct-ra-2006,117.0,,2002,,,,,-13.8,-5.8,
2003,cgc_charges_bct,budgetaire,produits_de_base,prévision,230.0,« 230 MDT prévus initialement »,bct-ra-2003,100.0,111,"couche texte du PDF numérique, chaîne recherchée et retrouvée le 6 octobre 2026",203.9,non qualifié,bct-ra-2007,129.0,,2003,,,,,-26.1,-11.3,
2011,cgc_charges_bct,budgetaire,produits_de_base,loi de finances complémentaire,1100.0,"colonne « 2011* », « Prévisions de la Loi de finances complémentaire »",bct-ra-2010,25.0,33,"couche texte du PDF numérique, chaîne recherchée et retrouvée le 6 octobre 2026",1149.6,non qualifié,bct-ra-2011,45.0,,2011,,,,,49.6,4.5,
