parametre,date_effet,valeur,texte,lien
categorie_1_minimum,1997-03-13,100.0,"Décret n° 97-431 du 3 mars 1997, relatif à la détermination du minimum et du maximum du prix de référence du mètre carré couvert pour chacune des catégories d'immeubles assujettis à la taxe sur les immeubles bâtis, article premier",https://www.pist.tn/jort/1997/1997F/Jo01997.pdf
categorie_1_minimum,2008-01-01,100.0,"Décret n° 2007-1185 du 14 mai 2007, relatif à la détermination du minimum et du maximum du prix de référence du mètre carré couvert pour chacune des catégories d'immeubles assujettis à la taxe sur les immeubles bâtis, articles premier et 3",https://www.pist.tn/jort/2007/2007F/Jo0402007.pdf
categorie_1_minimum,2017-01-01,100.0,"Décret gouvernemental n° 2017-397 du 28 mars 2017, relatif à la détermination du minimum et du maximum du prix de référence du mètre carré couvert pour chacune des catégories d'immeubles assujettis à la taxe sur les immeubles bâtis, articles premier et 3",https://www.pist.tn/jort/2017/2017F/Jo0262017.pdf
categorie_1_maximum,1997-03-13,150.0,"Décret n° 97-431 du 3 mars 1997, relatif à la détermination du minimum et du maximum du prix de référence du mètre carré couvert pour chacune des catégories d'immeubles assujettis à la taxe sur les immeubles bâtis, article premier",https://www.pist.tn/jort/1997/1997F/Jo01997.pdf
categorie_1_maximum,2008-01-01,162.0,"Décret n° 2007-1185 du 14 mai 2007, relatif à la détermination du minimum et du maximum du prix de référence du mètre carré couvert pour chacune des catégories d'immeubles assujettis à la taxe sur les immeubles bâtis, articles premier et 3",https://www.pist.tn/jort/2007/2007F/Jo0402007.pdf
categorie_1_maximum,2017-01-01,178.0,"Décret gouvernemental n° 2017-397 du 28 mars 2017, relatif à la détermination du minimum et du maximum du prix de référence du mètre carré couvert pour chacune des catégories d'immeubles assujettis à la taxe sur les immeubles bâtis, articles premier et 3",https://www.pist.tn/jort/2017/2017F/Jo0262017.pdf
categorie_2_minimum,1997-03-13,151.0,"Décret n° 97-431 du 3 mars 1997, relatif à la détermination du minimum et du maximum du prix de référence du mètre carré couvert pour chacune des catégories d'immeubles assujettis à la taxe sur les immeubles bâtis, article premier",https://www.pist.tn/jort/1997/1997F/Jo01997.pdf
categorie_2_minimum,2008-01-01,163.0,"Décret n° 2007-1185 du 14 mai 2007, relatif à la détermination du minimum et du maximum du prix de référence du mètre carré couvert pour chacune des catégories d'immeubles assujettis à la taxe sur les immeubles bâtis, articles premier et 3",https://www.pist.tn/jort/2007/2007F/Jo0402007.pdf
categorie_2_minimum,2017-01-01,163.0,"Décret gouvernemental n° 2017-397 du 28 mars 2017, relatif à la détermination du minimum et du maximum du prix de référence du mètre carré couvert pour chacune des catégories d'immeubles assujettis à la taxe sur les immeubles bâtis, articles premier et 3",https://www.pist.tn/jort/2017/2017F/Jo0262017.pdf
categorie_2_maximum,1997-03-13,200.0,"Décret n° 97-431 du 3 mars 1997, relatif à la détermination du minimum et du maximum du prix de référence du mètre carré couvert pour chacune des catégories d'immeubles assujettis à la taxe sur les immeubles bâtis, article premier",https://www.pist.tn/jort/1997/1997F/Jo01997.pdf
categorie_2_maximum,2008-01-01,216.0,"Décret n° 2007-1185 du 14 mai 2007, relatif à la détermination du minimum et du maximum du prix de référence du mètre carré couvert pour chacune des catégories d'immeubles assujettis à la taxe sur les immeubles bâtis, articles premier et 3",https://www.pist.tn/jort/2007/2007F/Jo0402007.pdf
categorie_2_maximum,2017-01-01,238.0,"Décret gouvernemental n° 2017-397 du 28 mars 2017, relatif à la détermination du minimum et du maximum du prix de référence du mètre carré couvert pour chacune des catégories d'immeubles assujettis à la taxe sur les immeubles bâtis, articles premier et 3",https://www.pist.tn/jort/2017/2017F/Jo0262017.pdf
categorie_3_minimum,1997-03-13,201.0,"Décret n° 97-431 du 3 mars 1997, relatif à la détermination du minimum et du maximum du prix de référence du mètre carré couvert pour chacune des catégories d'immeubles assujettis à la taxe sur les immeubles bâtis, article premier",https://www.pist.tn/jort/1997/1997F/Jo01997.pdf
categorie_3_minimum,2008-01-01,217.0,"Décret n° 2007-1185 du 14 mai 2007, relatif à la détermination du minimum et du maximum du prix de référence du mètre carré couvert pour chacune des catégories d'immeubles assujettis à la taxe sur les immeubles bâtis, articles premier et 3",https://www.pist.tn/jort/2007/2007F/Jo0402007.pdf
categorie_3_minimum,2017-01-01,217.0,"Décret gouvernemental n° 2017-397 du 28 mars 2017, relatif à la détermination du minimum et du maximum du prix de référence du mètre carré couvert pour chacune des catégories d'immeubles assujettis à la taxe sur les immeubles bâtis, articles premier et 3",https://www.pist.tn/jort/2017/2017F/Jo0262017.pdf
categorie_3_maximum,1997-03-13,250.0,"Décret n° 97-431 du 3 mars 1997, relatif à la détermination du minimum et du maximum du prix de référence du mètre carré couvert pour chacune des catégories d'immeubles assujettis à la taxe sur les immeubles bâtis, article premier",https://www.pist.tn/jort/1997/1997F/Jo01997.pdf
categorie_3_maximum,2008-01-01,270.0,"Décret n° 2007-1185 du 14 mai 2007, relatif à la détermination du minimum et du maximum du prix de référence du mètre carré couvert pour chacune des catégories d'immeubles assujettis à la taxe sur les immeubles bâtis, articles premier et 3",https://www.pist.tn/jort/2007/2007F/Jo0402007.pdf
categorie_3_maximum,2017-01-01,297.0,"Décret gouvernemental n° 2017-397 du 28 mars 2017, relatif à la détermination du minimum et du maximum du prix de référence du mètre carré couvert pour chacune des catégories d'immeubles assujettis à la taxe sur les immeubles bâtis, articles premier et 3",https://www.pist.tn/jort/2017/2017F/Jo0262017.pdf
categorie_4_minimum,1997-03-13,251.0,"Décret n° 97-431 du 3 mars 1997, relatif à la détermination du minimum et du maximum du prix de référence du mètre carré couvert pour chacune des catégories d'immeubles assujettis à la taxe sur les immeubles bâtis, article premier",https://www.pist.tn/jort/1997/1997F/Jo01997.pdf
categorie_4_minimum,2008-01-01,271.0,"Décret n° 2007-1185 du 14 mai 2007, relatif à la détermination du minimum et du maximum du prix de référence du mètre carré couvert pour chacune des catégories d'immeubles assujettis à la taxe sur les immeubles bâtis, articles premier et 3",https://www.pist.tn/jort/2007/2007F/Jo0402007.pdf
categorie_4_minimum,2017-01-01,271.0,"Décret gouvernemental n° 2017-397 du 28 mars 2017, relatif à la détermination du minimum et du maximum du prix de référence du mètre carré couvert pour chacune des catégories d'immeubles assujettis à la taxe sur les immeubles bâtis, articles premier et 3",https://www.pist.tn/jort/2017/2017F/Jo0262017.pdf
categorie_4_maximum,1997-03-13,300.0,"Décret n° 97-431 du 3 mars 1997, relatif à la détermination du minimum et du maximum du prix de référence du mètre carré couvert pour chacune des catégories d'immeubles assujettis à la taxe sur les immeubles bâtis, article premier",https://www.pist.tn/jort/1997/1997F/Jo01997.pdf
categorie_4_maximum,2008-01-01,324.0,"Décret n° 2007-1185 du 14 mai 2007, relatif à la détermination du minimum et du maximum du prix de référence du mètre carré couvert pour chacune des catégories d'immeubles assujettis à la taxe sur les immeubles bâtis, articles premier et 3",https://www.pist.tn/jort/2007/2007F/Jo0402007.pdf
categorie_4_maximum,2017-01-01,356.0,"Décret gouvernemental n° 2017-397 du 28 mars 2017, relatif à la détermination du minimum et du maximum du prix de référence du mètre carré couvert pour chacune des catégories d'immeubles assujettis à la taxe sur les immeubles bâtis, articles premier et 3",https://www.pist.tn/jort/2017/2017F/Jo0262017.pdf
