annee,section,categorie,grandeur,valeur,valeur_imprimee,unite,smig_retenu_par_la_source_D,regime_du_smig,periodicite_du_salaire,ponderation_de_la_moyenne,source_id,source,page_pdf,tableau,champ,taux_de_reponse,lecture
2012,Total,Cadres,salaire de base moyen versé aux permanents,1006.0,1006,dinars courants,301,non précisé par la source,non précisé par la source,non précisé par la source,ins-ees-2012,"INS, Enquête Emploi et Salaires auprès des Entreprises en 2012",15,Tableau 15 salaires de bases moyens versés aux permanents par section d’activité,"« on s’intéresse aux entreprises publiques ainsi que celles du secteur privé et employant 6 salariés et plus » (p. 6) ; « Permanents : Il s’agit des employés qui font partie intégrante de l’entreprise, qui ne sont pas mobilisés pour un travail occasionnel ou pour renforcer temporairement l’effectif. » (p. 5) ; « une décomposition des salaires bruts versés pour chaque année en salaires de base, Salaires pour heures supplémentaires et primes » (p. 5)","« un taux de réponse de 38,6% » (p. 7)",couche texte
2012,Total,Prof Inter,salaire de base moyen versé aux permanents,638.0,638,dinars courants,301,non précisé par la source,non précisé par la source,non précisé par la source,ins-ees-2012,"INS, Enquête Emploi et Salaires auprès des Entreprises en 2012",15,Tableau 15 salaires de bases moyens versés aux permanents par section d’activité,"« on s’intéresse aux entreprises publiques ainsi que celles du secteur privé et employant 6 salariés et plus » (p. 6) ; « Permanents : Il s’agit des employés qui font partie intégrante de l’entreprise, qui ne sont pas mobilisés pour un travail occasionnel ou pour renforcer temporairement l’effectif. » (p. 5) ; « une décomposition des salaires bruts versés pour chaque année en salaires de base, Salaires pour heures supplémentaires et primes » (p. 5)","« un taux de réponse de 38,6% » (p. 7)",couche texte
2012,Total,Employés,salaire de base moyen versé aux permanents,494.0,494,dinars courants,301,non précisé par la source,non précisé par la source,non précisé par la source,ins-ees-2012,"INS, Enquête Emploi et Salaires auprès des Entreprises en 2012",15,Tableau 15 salaires de bases moyens versés aux permanents par section d’activité,"« on s’intéresse aux entreprises publiques ainsi que celles du secteur privé et employant 6 salariés et plus » (p. 6) ; « Permanents : Il s’agit des employés qui font partie intégrante de l’entreprise, qui ne sont pas mobilisés pour un travail occasionnel ou pour renforcer temporairement l’effectif. » (p. 5) ; « une décomposition des salaires bruts versés pour chaque année en salaires de base, Salaires pour heures supplémentaires et primes » (p. 5)","« un taux de réponse de 38,6% » (p. 7)",couche texte
2012,Total,Ouvriers,salaire de base moyen versé aux permanents,380.0,380,dinars courants,301,non précisé par la source,non précisé par la source,non précisé par la source,ins-ees-2012,"INS, Enquête Emploi et Salaires auprès des Entreprises en 2012",15,Tableau 15 salaires de bases moyens versés aux permanents par section d’activité,"« on s’intéresse aux entreprises publiques ainsi que celles du secteur privé et employant 6 salariés et plus » (p. 6) ; « Permanents : Il s’agit des employés qui font partie intégrante de l’entreprise, qui ne sont pas mobilisés pour un travail occasionnel ou pour renforcer temporairement l’effectif. » (p. 5) ; « une décomposition des salaires bruts versés pour chaque année en salaires de base, Salaires pour heures supplémentaires et primes » (p. 5)","« un taux de réponse de 38,6% » (p. 7)",couche texte
2012,Total,Total,salaire de base moyen versé aux permanents,535.0,535,dinars courants,301,non précisé par la source,non précisé par la source,non précisé par la source,ins-ees-2012,"INS, Enquête Emploi et Salaires auprès des Entreprises en 2012",15,Tableau 15 salaires de bases moyens versés aux permanents par section d’activité,"« on s’intéresse aux entreprises publiques ainsi que celles du secteur privé et employant 6 salariés et plus » (p. 6) ; « Permanents : Il s’agit des employés qui font partie intégrante de l’entreprise, qui ne sont pas mobilisés pour un travail occasionnel ou pour renforcer temporairement l’effectif. » (p. 5) ; « une décomposition des salaires bruts versés pour chaque année en salaires de base, Salaires pour heures supplémentaires et primes » (p. 5)","« un taux de réponse de 38,6% » (p. 7)",couche texte
2012,Total,Cadres,"salaire de base moyen versé aux permanents, en pourcentage du SMIG",334.0,334%,% du SMIG retenu par la source,301,non précisé par la source,non précisé par la source,non précisé par la source,ins-ees-2012,"INS, Enquête Emploi et Salaires auprès des Entreprises en 2012",15,Tableau 16 salaires de bases moyens versés aux permanents par section d’activité en pourcentage du SMIG,"« on s’intéresse aux entreprises publiques ainsi que celles du secteur privé et employant 6 salariés et plus » (p. 6) ; « Permanents : Il s’agit des employés qui font partie intégrante de l’entreprise, qui ne sont pas mobilisés pour un travail occasionnel ou pour renforcer temporairement l’effectif. » (p. 5) ; « une décomposition des salaires bruts versés pour chaque année en salaires de base, Salaires pour heures supplémentaires et primes » (p. 5)","« un taux de réponse de 38,6% » (p. 7)",couche texte
2012,Total,Prof Inter,"salaire de base moyen versé aux permanents, en pourcentage du SMIG",212.0,212%,% du SMIG retenu par la source,301,non précisé par la source,non précisé par la source,non précisé par la source,ins-ees-2012,"INS, Enquête Emploi et Salaires auprès des Entreprises en 2012",15,Tableau 16 salaires de bases moyens versés aux permanents par section d’activité en pourcentage du SMIG,"« on s’intéresse aux entreprises publiques ainsi que celles du secteur privé et employant 6 salariés et plus » (p. 6) ; « Permanents : Il s’agit des employés qui font partie intégrante de l’entreprise, qui ne sont pas mobilisés pour un travail occasionnel ou pour renforcer temporairement l’effectif. » (p. 5) ; « une décomposition des salaires bruts versés pour chaque année en salaires de base, Salaires pour heures supplémentaires et primes » (p. 5)","« un taux de réponse de 38,6% » (p. 7)",couche texte
2012,Total,Employés,"salaire de base moyen versé aux permanents, en pourcentage du SMIG",164.0,164%,% du SMIG retenu par la source,301,non précisé par la source,non précisé par la source,non précisé par la source,ins-ees-2012,"INS, Enquête Emploi et Salaires auprès des Entreprises en 2012",15,Tableau 16 salaires de bases moyens versés aux permanents par section d’activité en pourcentage du SMIG,"« on s’intéresse aux entreprises publiques ainsi que celles du secteur privé et employant 6 salariés et plus » (p. 6) ; « Permanents : Il s’agit des employés qui font partie intégrante de l’entreprise, qui ne sont pas mobilisés pour un travail occasionnel ou pour renforcer temporairement l’effectif. » (p. 5) ; « une décomposition des salaires bruts versés pour chaque année en salaires de base, Salaires pour heures supplémentaires et primes » (p. 5)","« un taux de réponse de 38,6% » (p. 7)",couche texte
2012,Total,Ouvriers,"salaire de base moyen versé aux permanents, en pourcentage du SMIG",126.0,126%,% du SMIG retenu par la source,301,non précisé par la source,non précisé par la source,non précisé par la source,ins-ees-2012,"INS, Enquête Emploi et Salaires auprès des Entreprises en 2012",15,Tableau 16 salaires de bases moyens versés aux permanents par section d’activité en pourcentage du SMIG,"« on s’intéresse aux entreprises publiques ainsi que celles du secteur privé et employant 6 salariés et plus » (p. 6) ; « Permanents : Il s’agit des employés qui font partie intégrante de l’entreprise, qui ne sont pas mobilisés pour un travail occasionnel ou pour renforcer temporairement l’effectif. » (p. 5) ; « une décomposition des salaires bruts versés pour chaque année en salaires de base, Salaires pour heures supplémentaires et primes » (p. 5)","« un taux de réponse de 38,6% » (p. 7)",couche texte
2012,Total,Total,"salaire de base moyen versé aux permanents, en pourcentage du SMIG",178.0,178%,% du SMIG retenu par la source,301,non précisé par la source,non précisé par la source,non précisé par la source,ins-ees-2012,"INS, Enquête Emploi et Salaires auprès des Entreprises en 2012",15,Tableau 16 salaires de bases moyens versés aux permanents par section d’activité en pourcentage du SMIG,"« on s’intéresse aux entreprises publiques ainsi que celles du secteur privé et employant 6 salariés et plus » (p. 6) ; « Permanents : Il s’agit des employés qui font partie intégrante de l’entreprise, qui ne sont pas mobilisés pour un travail occasionnel ou pour renforcer temporairement l’effectif. » (p. 5) ; « une décomposition des salaires bruts versés pour chaque année en salaires de base, Salaires pour heures supplémentaires et primes » (p. 5)","« un taux de réponse de 38,6% » (p. 7)",couche texte
2014,Total,Cadres,salaire de base moyen versé aux permanents,1180.0,1180,dinars courants,320,non précisé par la source,non précisé par la source,non précisé par la source,ins-ees-2014,"INS, Enquête Emploi et Salaires auprès des Entreprises en 2014",14,Tableau 15: salaires de bases moyens versés aux permanents par section d’activité,"« on s’intéresse aux entreprises publiques ainsi que celles du secteur privé et employant 6 salariés et plus » (p. 5) ; « Permanents : Il s’agit des employés qui font partie intégrante de l’entreprise, qui ne sont pas mobilisés pour un travail occasionnel ou pour renforcer temporairement l’effectif. » (p. 5) ; « une décomposition des salaires bruts versés pour chaque année en salaires de base, Salaires pour heures supplémentaires et primes » (p. 5)","« un taux de réponse de 46,6% » (p. 6)",couche texte
2014,Total,Prof Inter,salaire de base moyen versé aux permanents,692.0,692,dinars courants,320,non précisé par la source,non précisé par la source,non précisé par la source,ins-ees-2014,"INS, Enquête Emploi et Salaires auprès des Entreprises en 2014",14,Tableau 15: salaires de bases moyens versés aux permanents par section d’activité,"« on s’intéresse aux entreprises publiques ainsi que celles du secteur privé et employant 6 salariés et plus » (p. 5) ; « Permanents : Il s’agit des employés qui font partie intégrante de l’entreprise, qui ne sont pas mobilisés pour un travail occasionnel ou pour renforcer temporairement l’effectif. » (p. 5) ; « une décomposition des salaires bruts versés pour chaque année en salaires de base, Salaires pour heures supplémentaires et primes » (p. 5)","« un taux de réponse de 46,6% » (p. 6)",couche texte
2014,Total,Employés,salaire de base moyen versé aux permanents,552.0,552,dinars courants,320,non précisé par la source,non précisé par la source,non précisé par la source,ins-ees-2014,"INS, Enquête Emploi et Salaires auprès des Entreprises en 2014",14,Tableau 15: salaires de bases moyens versés aux permanents par section d’activité,"« on s’intéresse aux entreprises publiques ainsi que celles du secteur privé et employant 6 salariés et plus » (p. 5) ; « Permanents : Il s’agit des employés qui font partie intégrante de l’entreprise, qui ne sont pas mobilisés pour un travail occasionnel ou pour renforcer temporairement l’effectif. » (p. 5) ; « une décomposition des salaires bruts versés pour chaque année en salaires de base, Salaires pour heures supplémentaires et primes » (p. 5)","« un taux de réponse de 46,6% » (p. 6)",couche texte
2014,Total,Ouvriers,salaire de base moyen versé aux permanents,447.0,447,dinars courants,320,non précisé par la source,non précisé par la source,non précisé par la source,ins-ees-2014,"INS, Enquête Emploi et Salaires auprès des Entreprises en 2014",14,Tableau 15: salaires de bases moyens versés aux permanents par section d’activité,"« on s’intéresse aux entreprises publiques ainsi que celles du secteur privé et employant 6 salariés et plus » (p. 5) ; « Permanents : Il s’agit des employés qui font partie intégrante de l’entreprise, qui ne sont pas mobilisés pour un travail occasionnel ou pour renforcer temporairement l’effectif. » (p. 5) ; « une décomposition des salaires bruts versés pour chaque année en salaires de base, Salaires pour heures supplémentaires et primes » (p. 5)","« un taux de réponse de 46,6% » (p. 6)",couche texte
2014,Total,Total,salaire de base moyen versé aux permanents,600.0,600,dinars courants,320,non précisé par la source,non précisé par la source,non précisé par la source,ins-ees-2014,"INS, Enquête Emploi et Salaires auprès des Entreprises en 2014",14,Tableau 15: salaires de bases moyens versés aux permanents par section d’activité,"« on s’intéresse aux entreprises publiques ainsi que celles du secteur privé et employant 6 salariés et plus » (p. 5) ; « Permanents : Il s’agit des employés qui font partie intégrante de l’entreprise, qui ne sont pas mobilisés pour un travail occasionnel ou pour renforcer temporairement l’effectif. » (p. 5) ; « une décomposition des salaires bruts versés pour chaque année en salaires de base, Salaires pour heures supplémentaires et primes » (p. 5)","« un taux de réponse de 46,6% » (p. 6)",couche texte
2014,Total,Cadres,"salaire de base moyen versé aux permanents, en pourcentage du SMIG",369.0,369%,% du SMIG retenu par la source,320,non précisé par la source,non précisé par la source,non précisé par la source,ins-ees-2014,"INS, Enquête Emploi et Salaires auprès des Entreprises en 2014",14,Tableau 16 salaires de bases moyens versés aux permanents par section d’activité en pourcentage du SMIG,"« on s’intéresse aux entreprises publiques ainsi que celles du secteur privé et employant 6 salariés et plus » (p. 5) ; « Permanents : Il s’agit des employés qui font partie intégrante de l’entreprise, qui ne sont pas mobilisés pour un travail occasionnel ou pour renforcer temporairement l’effectif. » (p. 5) ; « une décomposition des salaires bruts versés pour chaque année en salaires de base, Salaires pour heures supplémentaires et primes » (p. 5)","« un taux de réponse de 46,6% » (p. 6)",couche texte
2014,Total,Prof Inter,"salaire de base moyen versé aux permanents, en pourcentage du SMIG",216.0,216%,% du SMIG retenu par la source,320,non précisé par la source,non précisé par la source,non précisé par la source,ins-ees-2014,"INS, Enquête Emploi et Salaires auprès des Entreprises en 2014",14,Tableau 16 salaires de bases moyens versés aux permanents par section d’activité en pourcentage du SMIG,"« on s’intéresse aux entreprises publiques ainsi que celles du secteur privé et employant 6 salariés et plus » (p. 5) ; « Permanents : Il s’agit des employés qui font partie intégrante de l’entreprise, qui ne sont pas mobilisés pour un travail occasionnel ou pour renforcer temporairement l’effectif. » (p. 5) ; « une décomposition des salaires bruts versés pour chaque année en salaires de base, Salaires pour heures supplémentaires et primes » (p. 5)","« un taux de réponse de 46,6% » (p. 6)",couche texte
2014,Total,Employés,"salaire de base moyen versé aux permanents, en pourcentage du SMIG",173.0,173%,% du SMIG retenu par la source,320,non précisé par la source,non précisé par la source,non précisé par la source,ins-ees-2014,"INS, Enquête Emploi et Salaires auprès des Entreprises en 2014",14,Tableau 16 salaires de bases moyens versés aux permanents par section d’activité en pourcentage du SMIG,"« on s’intéresse aux entreprises publiques ainsi que celles du secteur privé et employant 6 salariés et plus » (p. 5) ; « Permanents : Il s’agit des employés qui font partie intégrante de l’entreprise, qui ne sont pas mobilisés pour un travail occasionnel ou pour renforcer temporairement l’effectif. » (p. 5) ; « une décomposition des salaires bruts versés pour chaque année en salaires de base, Salaires pour heures supplémentaires et primes » (p. 5)","« un taux de réponse de 46,6% » (p. 6)",couche texte
2014,Total,Ouvriers,"salaire de base moyen versé aux permanents, en pourcentage du SMIG",140.0,140%,% du SMIG retenu par la source,320,non précisé par la source,non précisé par la source,non précisé par la source,ins-ees-2014,"INS, Enquête Emploi et Salaires auprès des Entreprises en 2014",14,Tableau 16 salaires de bases moyens versés aux permanents par section d’activité en pourcentage du SMIG,"« on s’intéresse aux entreprises publiques ainsi que celles du secteur privé et employant 6 salariés et plus » (p. 5) ; « Permanents : Il s’agit des employés qui font partie intégrante de l’entreprise, qui ne sont pas mobilisés pour un travail occasionnel ou pour renforcer temporairement l’effectif. » (p. 5) ; « une décomposition des salaires bruts versés pour chaque année en salaires de base, Salaires pour heures supplémentaires et primes » (p. 5)","« un taux de réponse de 46,6% » (p. 6)",couche texte
2014,Total,Total,"salaire de base moyen versé aux permanents, en pourcentage du SMIG",188.0,188%,% du SMIG retenu par la source,320,non précisé par la source,non précisé par la source,non précisé par la source,ins-ees-2014,"INS, Enquête Emploi et Salaires auprès des Entreprises en 2014",14,Tableau 16 salaires de bases moyens versés aux permanents par section d’activité en pourcentage du SMIG,"« on s’intéresse aux entreprises publiques ainsi que celles du secteur privé et employant 6 salariés et plus » (p. 5) ; « Permanents : Il s’agit des employés qui font partie intégrante de l’entreprise, qui ne sont pas mobilisés pour un travail occasionnel ou pour renforcer temporairement l’effectif. » (p. 5) ; « une décomposition des salaires bruts versés pour chaque année en salaires de base, Salaires pour heures supplémentaires et primes » (p. 5)","« un taux de réponse de 46,6% » (p. 6)",couche texte
2022,Total,Cadres,salaire de base moyen versé aux permanents,1698.0,1698,dinars courants,460,non précisé par la source,non précisé par la source,non précisé par la source,ins-ees-2022,"INS, Enquête Emploi et Salaires auprès des Entreprises en 2022",13,Tableau 13 salaires de bases moyens versés aux permanents par section d’activité,"« on s’intéresse aux entreprises publiques ainsi que celles du secteur privé et employant 6 salariés et plus » (p. 5) ; « Permanents : Il s’agit des employés qui font partie intégrante de l’entreprise, qui ne sont pas mobilisés pour un travail occasionnel ou pour renforcer temporairement l’effectif. » (p. 5) ; « une décomposition des salaires bruts versés pour chaque année en salaires de base, Salaires pour heures supplémentaires et primes » (p. 5)",« un taux de réponse de 58% » (p. 5),couche texte
2022,Total,Prof Inter,salaire de base moyen versé aux permanents,1050.0,1050,dinars courants,460,non précisé par la source,non précisé par la source,non précisé par la source,ins-ees-2022,"INS, Enquête Emploi et Salaires auprès des Entreprises en 2022",13,Tableau 13 salaires de bases moyens versés aux permanents par section d’activité,"« on s’intéresse aux entreprises publiques ainsi que celles du secteur privé et employant 6 salariés et plus » (p. 5) ; « Permanents : Il s’agit des employés qui font partie intégrante de l’entreprise, qui ne sont pas mobilisés pour un travail occasionnel ou pour renforcer temporairement l’effectif. » (p. 5) ; « une décomposition des salaires bruts versés pour chaque année en salaires de base, Salaires pour heures supplémentaires et primes » (p. 5)",« un taux de réponse de 58% » (p. 5),couche texte
2022,Total,Employés,salaire de base moyen versé aux permanents,822.0,822,dinars courants,460,non précisé par la source,non précisé par la source,non précisé par la source,ins-ees-2022,"INS, Enquête Emploi et Salaires auprès des Entreprises en 2022",13,Tableau 13 salaires de bases moyens versés aux permanents par section d’activité,"« on s’intéresse aux entreprises publiques ainsi que celles du secteur privé et employant 6 salariés et plus » (p. 5) ; « Permanents : Il s’agit des employés qui font partie intégrante de l’entreprise, qui ne sont pas mobilisés pour un travail occasionnel ou pour renforcer temporairement l’effectif. » (p. 5) ; « une décomposition des salaires bruts versés pour chaque année en salaires de base, Salaires pour heures supplémentaires et primes » (p. 5)",« un taux de réponse de 58% » (p. 5),couche texte
2022,Total,Ouvriers,salaire de base moyen versé aux permanents,658.0,658,dinars courants,460,non précisé par la source,non précisé par la source,non précisé par la source,ins-ees-2022,"INS, Enquête Emploi et Salaires auprès des Entreprises en 2022",13,Tableau 13 salaires de bases moyens versés aux permanents par section d’activité,"« on s’intéresse aux entreprises publiques ainsi que celles du secteur privé et employant 6 salariés et plus » (p. 5) ; « Permanents : Il s’agit des employés qui font partie intégrante de l’entreprise, qui ne sont pas mobilisés pour un travail occasionnel ou pour renforcer temporairement l’effectif. » (p. 5) ; « une décomposition des salaires bruts versés pour chaque année en salaires de base, Salaires pour heures supplémentaires et primes » (p. 5)",« un taux de réponse de 58% » (p. 5),couche texte
2022,Total,Total,salaire de base moyen versé aux permanents,924.0,924,dinars courants,460,non précisé par la source,non précisé par la source,non précisé par la source,ins-ees-2022,"INS, Enquête Emploi et Salaires auprès des Entreprises en 2022",13,Tableau 13 salaires de bases moyens versés aux permanents par section d’activité,"« on s’intéresse aux entreprises publiques ainsi que celles du secteur privé et employant 6 salariés et plus » (p. 5) ; « Permanents : Il s’agit des employés qui font partie intégrante de l’entreprise, qui ne sont pas mobilisés pour un travail occasionnel ou pour renforcer temporairement l’effectif. » (p. 5) ; « une décomposition des salaires bruts versés pour chaque année en salaires de base, Salaires pour heures supplémentaires et primes » (p. 5)",« un taux de réponse de 58% » (p. 5),couche texte
2022,Total,Cadres,"salaire de base moyen versé aux permanents, en pourcentage du SMIG",369.0,369%,% du SMIG retenu par la source,460,non précisé par la source,non précisé par la source,non précisé par la source,ins-ees-2022,"INS, Enquête Emploi et Salaires auprès des Entreprises en 2022",13,Tableau 14 salaires de bases moyens versés aux permanents par section d’activité en pourcentage du SMIG,"« on s’intéresse aux entreprises publiques ainsi que celles du secteur privé et employant 6 salariés et plus » (p. 5) ; « Permanents : Il s’agit des employés qui font partie intégrante de l’entreprise, qui ne sont pas mobilisés pour un travail occasionnel ou pour renforcer temporairement l’effectif. » (p. 5) ; « une décomposition des salaires bruts versés pour chaque année en salaires de base, Salaires pour heures supplémentaires et primes » (p. 5)",« un taux de réponse de 58% » (p. 5),couche texte
2022,Total,Prof Inter,"salaire de base moyen versé aux permanents, en pourcentage du SMIG",228.0,228%,% du SMIG retenu par la source,460,non précisé par la source,non précisé par la source,non précisé par la source,ins-ees-2022,"INS, Enquête Emploi et Salaires auprès des Entreprises en 2022",13,Tableau 14 salaires de bases moyens versés aux permanents par section d’activité en pourcentage du SMIG,"« on s’intéresse aux entreprises publiques ainsi que celles du secteur privé et employant 6 salariés et plus » (p. 5) ; « Permanents : Il s’agit des employés qui font partie intégrante de l’entreprise, qui ne sont pas mobilisés pour un travail occasionnel ou pour renforcer temporairement l’effectif. » (p. 5) ; « une décomposition des salaires bruts versés pour chaque année en salaires de base, Salaires pour heures supplémentaires et primes » (p. 5)",« un taux de réponse de 58% » (p. 5),couche texte
2022,Total,Employés,"salaire de base moyen versé aux permanents, en pourcentage du SMIG",179.0,179%,% du SMIG retenu par la source,460,non précisé par la source,non précisé par la source,non précisé par la source,ins-ees-2022,"INS, Enquête Emploi et Salaires auprès des Entreprises en 2022",13,Tableau 14 salaires de bases moyens versés aux permanents par section d’activité en pourcentage du SMIG,"« on s’intéresse aux entreprises publiques ainsi que celles du secteur privé et employant 6 salariés et plus » (p. 5) ; « Permanents : Il s’agit des employés qui font partie intégrante de l’entreprise, qui ne sont pas mobilisés pour un travail occasionnel ou pour renforcer temporairement l’effectif. » (p. 5) ; « une décomposition des salaires bruts versés pour chaque année en salaires de base, Salaires pour heures supplémentaires et primes » (p. 5)",« un taux de réponse de 58% » (p. 5),couche texte
2022,Total,Ouvriers,"salaire de base moyen versé aux permanents, en pourcentage du SMIG",143.0,143%,% du SMIG retenu par la source,460,non précisé par la source,non précisé par la source,non précisé par la source,ins-ees-2022,"INS, Enquête Emploi et Salaires auprès des Entreprises en 2022",13,Tableau 14 salaires de bases moyens versés aux permanents par section d’activité en pourcentage du SMIG,"« on s’intéresse aux entreprises publiques ainsi que celles du secteur privé et employant 6 salariés et plus » (p. 5) ; « Permanents : Il s’agit des employés qui font partie intégrante de l’entreprise, qui ne sont pas mobilisés pour un travail occasionnel ou pour renforcer temporairement l’effectif. » (p. 5) ; « une décomposition des salaires bruts versés pour chaque année en salaires de base, Salaires pour heures supplémentaires et primes » (p. 5)",« un taux de réponse de 58% » (p. 5),couche texte
2022,Total,Total,"salaire de base moyen versé aux permanents, en pourcentage du SMIG",201.0,201%,% du SMIG retenu par la source,460,non précisé par la source,non précisé par la source,non précisé par la source,ins-ees-2022,"INS, Enquête Emploi et Salaires auprès des Entreprises en 2022",13,Tableau 14 salaires de bases moyens versés aux permanents par section d’activité en pourcentage du SMIG,"« on s’intéresse aux entreprises publiques ainsi que celles du secteur privé et employant 6 salariés et plus » (p. 5) ; « Permanents : Il s’agit des employés qui font partie intégrante de l’entreprise, qui ne sont pas mobilisés pour un travail occasionnel ou pour renforcer temporairement l’effectif. » (p. 5) ; « une décomposition des salaires bruts versés pour chaque année en salaires de base, Salaires pour heures supplémentaires et primes » (p. 5)",« un taux de réponse de 58% » (p. 5),couche texte
