annee,indice_base1970,variation_pct,segment,source
1962,75.99,,base 1962 raccordée,rapport annuel BCT 1963 : base de l'indice
1963,77.89,2.5,base 1962 raccordée,"rapport annuel BCT 1964 : tableau : 102,5 → 107,0, + 4,1 %"
1964,81.31,4.39,base 1962 raccordée,"rapport annuel BCT 1965 : « passé de 107 en 1964 à 114,1 en 1965 »"
1965,86.7,6.63,base 1962 raccordée,"rapport annuel BCT 1966 : « passant de 114,1 en 1965 (moyenne mensuelle) à 118,6 en 1966 »"
1966,90.05,3.86,base 1962 raccordée,"rapport annuel BCT 1967 : « passant de 118,5 en 1966 (moyenne mensuelle) à 122,0 en 1967 »"
1967,92.71,2.95,base 1962 raccordée,"rapport annuel BCT 1968 : tableau : 122,0 → 125,0, + 2,4 %"
1968,94.98,2.45,base 1962 raccordée,"rapport annuel BCT 1968 : tableau : « 12S,O », lu 125,0 ; + 2,4 % sur 122,0"
1969,98.94,4.17,base 1962 raccordée,"rapport annuel BCT 1970 : « passant de 130,2 à 131,6 », + 4,1 % en 1969"
1970,100.0,1.07,base 1970,rapport annuel BCT 1974 : base de l'indice
1971,106.0,6.0,base 1970,"rapport annuel BCT 1974 : tableau 1970-1974 : 100,0 106,0 108,0 113,1 117,7"
1972,108.0,1.89,base 1970,rapport annuel BCT 1974 : même tableau
1973,113.1,4.72,base 1970,"rapport annuel BCT 1974 : même tableau ; le rapport 1973 donnait 112,7"
1974,117.7,4.07,base 1970,"rapport annuel BCT 1975 : « passé de 117,7 points en 1974 à 128,9 points en 1975 »"
1975,128.9,9.52,base 1970,"rapport annuel BCT 1975 : même phrase, + 9,5 %"
1976,135.8,5.35,base 1970,"annuaire statistique 1995-2001, tableau 13.7"
1977,144.9,6.7,base 1970,"annuaire statistique 1995-2001, tableau 13.7"
1978,153.0,5.59,base 1970,"annuaire statistique 1995-2001, tableau 13.7"
1979,165.9,8.43,base 1970,"annuaire statistique 1995-2001, tableau 13.7"
1980,180.7,8.92,base 1970,"annuaire statistique 1995-2001, tableau 13.7"
1981,197.5,9.3,base 1970,"annuaire statistique 1995-2001, tableau 13.7"
1982,225.3,14.08,base 1970,"annuaire statistique 1995-2001, tableau 13.7"
1983,246.8,9.54,base 1970,"annuaire statistique 1998-2002, tableau 13.7"
1984,268.0,8.59,base 1970,"annuaire statistique 1999-2003, tableau 13.7"
1985,288.0,7.46,base 1970,"annuaire statistique 1999-2003, tableau 13.7"
1986,306.0,6.25,base 1970,"annuaire statistique 1999-2003, tableau 13.7"
1987,330.9,8.14,base 1970,"annuaire statistique 1999-2003, tableau 13.7"
1988,354.8,7.22,base 1970,"annuaire statistique 1999-2003, tableau 13.7"
1989,382.2,7.72,base 1970,"annuaire statistique 1999-2003, tableau 13.7"
1990,407.4,6.59,base 1970,"annuaire statistique 1999-2003, tableau 13.7"
1991,439.0,7.76,base 1970,"annuaire statistique 1999-2003, tableau 13.7"
1992,463.4,5.56,base 1970,"annuaire statistique 1999-2003, tableau 13.7"
1993,482.9,4.21,base 1970,"annuaire statistique 1999-2003, tableau 13.7"
1994,504.5,4.47,base 1970,"annuaire statistique 1999-2003, tableau 13.7"
1995,536.0,6.24,base 1970,"annuaire statistique 1999-2003, tableau 13.7"
1996,555.9,3.71,base 1970,"annuaire statistique 1999-2003, tableau 13.7"
1997,576.5,3.71,base 1970,"annuaire statistique 1999-2003, tableau 13.7"
1998,594.5,3.12,base 1970,"annuaire statistique 1999-2003, tableau 13.7"
1999,610.5,2.69,base 1970,"annuaire statistique 2019-2023, tableau 13.6"
2000,628.3,2.92,base 1970,"annuaire statistique 2019-2023, tableau 13.6"
2001,640.5,1.94,base 1970,"annuaire statistique 2019-2023, tableau 13.6"
2002,658.6,2.83,base 1970,"annuaire statistique 2019-2023, tableau 13.6"
2003,676.5,2.72,base 1970,"annuaire statistique 2019-2023, tableau 13.6"
2004,701.0,3.62,base 1970,"annuaire statistique 2019-2023, tableau 13.6"
2005,715.3,2.04,base 1970,"annuaire statistique 2019-2023, tableau 13.6"
2006,745.0,4.15,base 1970,"annuaire statistique 2019-2023, tableau 13.6"
2007,770.6,3.44,base 1970,"annuaire statistique 2019-2023, tableau 13.6"
2008,808.4,4.91,base 1970,"annuaire statistique 2019-2023, tableau 13.6"
2009,837.0,3.54,base 1970,"annuaire statistique 2019-2023, tableau 13.6"
2010,873.9,4.41,base 1970,"annuaire statistique 2019-2023, tableau 13.6"
2011,904.8,3.54,base 1970,"annuaire statistique 2019-2023, tableau 13.6"
2012,955.1,5.56,base 1970,"annuaire statistique 2019-2023, tableau 13.6"
2013,1013.5,6.11,base 1970,"annuaire statistique 2019-2023, tableau 13.6"
2014,1069.0,5.48,base 1970,"annuaire statistique 2019-2023, tableau 13.6"
2015,1119.5,4.72,base 1970,"annuaire statistique 2019-2023, tableau 13.6"
2016,1161.2,3.72,base 1970,"annuaire statistique 2019-2023, tableau 13.6"
2017,1223.0,5.32,base 1970,"annuaire statistique 2019-2023, tableau 13.6"
2018,1314.2,7.46,base 1970,"annuaire statistique 2019-2023, tableau 13.6"
2019,1403.5,6.8,base 1970,"annuaire statistique 2019-2023, tableau 13.6"
2020,1482.6,5.64,base 1970,"annuaire statistique 2019-2023, tableau 13.6"
2021,1567.2,5.71,base 1970,"annuaire statistique 2019-2023, tableau 13.6"
2022,1697.4,8.31,base 1970,"annuaire statistique 2019-2023, tableau 13.6"
2023,1855.7,9.33,base 1970,"annuaire statistique 2019-2023, tableau 13.6"
