date,smig_48h_horaire,smig_48h_mensuel,smig_40h_horaire,smig_40h_mensuel,smag_journalier
1961-04-01,0.076,15.808,0.076,13.173,
1964-01-01,0.076,15.808,0.076,13.173,0.35
1966-01-01,0.084,17.472,0.084,14.56,0.385
1968-05-01,0.084,17.472,0.084,14.56,0.5
1969-11-01,0.084,17.472,0.084,14.56,0.55
1971-05-01,0.104,21.632,0.104,18.026,0.6
1974-01-01,0.13,27.04,0.13,22.533,0.6
1974-06-01,0.13,27.04,0.13,22.533,0.8
1975-06-01,0.145,30.16,0.145,25.133,0.9
1977-02-01,0.193,40.16,0.193,35.133,0.9
1977-05-01,0.193,40.16,0.193,35.133,1.2
1978-05-01,0.21425,44.58,0.21425,38.817,1.332
1979-05-01,0.232,48.256,0.232,40.212,1.44
1980-02-01,0.23896,49.703,0.23896,41.418,1.483
1980-05-01,0.263,54.704,0.263,45.586,1.631
1981-04-01,0.311,64.704,0.321,55.586,2.0
1982-02-01,0.409,85.072,0.436,75.586,2.4
1983-01-01,0.457,95.056,0.484,83.906,2.64
1986-07-01,0.481,100.048,0.508,88.066,2.9
1987-11-01,0.505,105.04,0.532,92.226,3.05
1988-04-01,0.529,110.032,0.556,96.386,3.2
1990-01-01,0.577,120.016,0.604,104.706,3.546
1992-05-01,0.639,132.912,0.671,116.318,3.961
1992-08-01,0.649,134.992,0.683,118.398,4.061
1993-05-01,0.687,142.896,0.721,124.971,4.261
1993-08-01,0.697,144.976,0.733,127.051,4.361
1994-08-01,0.707,147.056,0.745,129.131,4.461
1995-05-01,0.741,154.128,0.779,135.024,4.661
1996-05-01,0.77,160.16,0.808,140.051,4.861
1996-09-09,0.78,162.24,0.82,142.131,4.961
1997-07-20,0.79,164.32,0.832,144.211,5.061
1997-11-07,0.819,170.352,0.861,149.237,5.209
1998-08-20,0.831,172.848,0.875,151.664,5.309
1999-05-01,0.86,178.88,0.904,156.691,5.509
1999-08-19,0.87,180.96,0.916,158.771,5.609
2000-05-01,0.899,186.992,0.945,163.798,5.809
2001-07-01,0.94,195.52,0.986,170.905,6.059
2002-07-01,0.974,202.592,1.02,176.799,6.259
2003-07-01,1.015,211.12,1.061,183.906,6.509
2004-07-01,1.049,218.192,1.095,189.8,6.709
2005-09-01,1.078,224.224,1.124,194.827,6.909
2006-07-01,1.112,231.296,1.158,200.721,7.129
2007-07-01,1.153,239.824,1.199,207.828,7.379
2008-07-01,1.211,251.888,1.257,217.88,7.749
2009-08-01,1.253,260.624,1.299,225.16,8.019
2010-07-01,1.31,272.48,1.356,235.04,8.38
2011-05-01,1.375,286.0,1.421,246.306,9.0
2012-07-01,1.451,301.808,1.497,259.479,10.608
2012-12-01,1.451,301.808,1.497,259.479,11.608
2014-05-01,1.538,319.904,1.584,274.559,12.304
2015-05-01,1.625,338.0,1.671,289.639,13.0
2016-08-01,1.717,357.136,1.763,305.586,13.736
2018-05-01,1.82,378.56,1.866,323.439,14.56
2019-05-01,1.938,403.104,1.984,343.892,15.504
2020-10-01,2.064,429.312,2.11,365.732,16.512
2022-10-01,2.208,459.264,2.254,390.692,17.664
2024-05-01,2.363,491.504,2.409,417.558,18.904
2025-01-01,2.54,528.32,2.586,448.238,20.32
2026-01-01,2.667,554.736,2.713,470.251,21.336
2027-01-01,2.8,582.4,2.846,493.304,22.4
2028-01-01,2.94,611.52,2.986,517.571,23.52
