annee,indicateur,dimension,valeur,unite,edition,page_pdf,lecture
2018,bénéficiaires du transfert mensuel,stock décembre,242833.0,personnes,"MAS, suivi et évaluation du programme Amen social 2023 (arabe)",17,tableau 4
2019,bénéficiaires du transfert mensuel,stock décembre,255508.0,personnes,"MAS, suivi et évaluation du programme Amen social 2023 (arabe)",17,tableau 4
2019,entrées,transfert mensuel,21764.0,personnes,"MAS, suivi et évaluation du programme Amen social 2023 (arabe)",17,tableau 4
2019,sorties,transfert mensuel,9089.0,personnes,"MAS, suivi et évaluation du programme Amen social 2023 (arabe)",17,tableau 4
2019,solde net,transfert mensuel,12675.0,personnes,"MAS, suivi et évaluation du programme Amen social 2023 (arabe)",17,tableau 4
2020,bénéficiaires du transfert mensuel,stock décembre,261802.0,personnes,"MAS, suivi et évaluation du programme Amen social 2023 (arabe)",17,tableau 4
2020,entrées,transfert mensuel,16385.0,personnes,"MAS, suivi et évaluation du programme Amen social 2023 (arabe)",17,tableau 4
2020,sorties,transfert mensuel,10091.0,personnes,"MAS, suivi et évaluation du programme Amen social 2023 (arabe)",17,tableau 4
2020,solde net,transfert mensuel,6294.0,personnes,"MAS, suivi et évaluation du programme Amen social 2023 (arabe)",17,tableau 4
2021,bénéficiaires du transfert mensuel,stock décembre,268258.0,personnes,"MAS, suivi et évaluation du programme Amen social 2023 (arabe)",17,tableau 4
2021,entrées,transfert mensuel,19267.0,personnes,"MAS, suivi et évaluation du programme Amen social 2023 (arabe)",17,tableau 4
2021,sorties,transfert mensuel,12811.0,personnes,"MAS, suivi et évaluation du programme Amen social 2023 (arabe)",17,tableau 4
2021,solde net,transfert mensuel,6456.0,personnes,"MAS, suivi et évaluation du programme Amen social 2023 (arabe)",17,tableau 4
2022,bénéficiaires du transfert mensuel,stock décembre,305930.0,personnes,"MAS, suivi et évaluation du programme Amen social 2023 (arabe)",17,tableau 4
2022,entrées,transfert mensuel,44059.0,personnes,"MAS, suivi et évaluation du programme Amen social 2023 (arabe)",17,tableau 4
2022,sorties,transfert mensuel,6387.0,personnes,"MAS, suivi et évaluation du programme Amen social 2023 (arabe)",17,tableau 4
2022,solde net,transfert mensuel,37672.0,personnes,"MAS, suivi et évaluation du programme Amen social 2023 (arabe)",17,tableau 4
2023,bénéficiaires du transfert mensuel,stock décembre,337199.0,personnes,"MAS, suivi et évaluation du programme Amen social 2023 (arabe)",17,tableau 4
2023,entrées,transfert mensuel,46972.0,personnes,"MAS, suivi et évaluation du programme Amen social 2023 (arabe)",17,tableau 4
2023,sorties,transfert mensuel,15703.0,personnes,"MAS, suivi et évaluation du programme Amen social 2023 (arabe)",17,tableau 4
2023,solde net,transfert mensuel,31269.0,personnes,"MAS, suivi et évaluation du programme Amen social 2023 (arabe)",17,tableau 4
2019,retours après interruption,transfert mensuel,0.0,personnes,"MAS, suivi et évaluation du programme Amen social 2023 (arabe)",18,tableau 5
2019,taux de renouvellement,transfert mensuel,12.1,%,"MAS, suivi et évaluation du programme Amen social 2023 (arabe)",18,tableau 5
2019,taux de continuité,transfert mensuel,91.5,%,"MAS, suivi et évaluation du programme Amen social 2023 (arabe)",18,tableau 5
2020,retours après interruption,transfert mensuel,744.0,personnes,"MAS, suivi et évaluation du programme Amen social 2023 (arabe)",18,tableau 5
2020,taux de renouvellement,transfert mensuel,10.1,%,"MAS, suivi et évaluation du programme Amen social 2023 (arabe)",18,tableau 5
2020,taux de continuité,transfert mensuel,93.7,%,"MAS, suivi et évaluation du programme Amen social 2023 (arabe)",18,tableau 5
2021,retours après interruption,transfert mensuel,883.0,personnes,"MAS, suivi et évaluation du programme Amen social 2023 (arabe)",18,tableau 5
2021,taux de renouvellement,transfert mensuel,12.0,%,"MAS, suivi et évaluation du programme Amen social 2023 (arabe)",18,tableau 5
2021,taux de continuité,transfert mensuel,92.8,%,"MAS, suivi et évaluation du programme Amen social 2023 (arabe)",18,tableau 5
2022,retours après interruption,transfert mensuel,1587.0,personnes,"MAS, suivi et évaluation du programme Amen social 2023 (arabe)",18,tableau 5
2022,taux de renouvellement,transfert mensuel,16.5,%,"MAS, suivi et évaluation du programme Amen social 2023 (arabe)",18,tableau 5
2022,taux de continuité,transfert mensuel,85.6,%,"MAS, suivi et évaluation du programme Amen social 2023 (arabe)",18,tableau 5
2023,retours après interruption,transfert mensuel,485.0,personnes,"MAS, suivi et évaluation du programme Amen social 2023 (arabe)",18,tableau 5
2023,taux de renouvellement,transfert mensuel,18.6,%,"MAS, suivi et évaluation du programme Amen social 2023 (arabe)",18,tableau 5
2023,taux de continuité,transfert mensuel,86.1,%,"MAS, suivi et évaluation du programme Amen social 2023 (arabe)",18,tableau 5
2023,bénéficiaires par tranche de transfert mensuel,220,230278.0,personnes,"MAS, suivi et évaluation du programme Amen social 2023 (arabe)",22,tableau 7
2023,bénéficiaires par tranche de transfert mensuel,230,37332.0,personnes,"MAS, suivi et évaluation du programme Amen social 2023 (arabe)",22,tableau 7
2023,bénéficiaires par tranche de transfert mensuel,240,34519.0,personnes,"MAS, suivi et évaluation du programme Amen social 2023 (arabe)",22,tableau 7
2023,bénéficiaires par tranche de transfert mensuel,250,21395.0,personnes,"MAS, suivi et évaluation du programme Amen social 2023 (arabe)",22,tableau 7
2023,bénéficiaires par tranche de transfert mensuel,260-340,13676.0,personnes,"MAS, suivi et évaluation du programme Amen social 2023 (arabe)",22,tableau 7
2023,bénéficiaires du transfert mensuel,total du tableau de répartition,337200.0,personnes,"MAS, suivi et évaluation du programme Amen social 2023 (arabe)",22,"tableau 7, diffère de 1 du tableau 4"
2023,bénéficiaires du transfert mensuel,texte introductif,337178.0,personnes,"MAS, suivi et évaluation du programme Amen social 2023 (arabe)",13,"texte, diffère de 21 du tableau 4"
2022,ménages classés par le score,2022-06,191388.0,ménages,"MAS, suivi et évaluation du programme Amen social 2023 (arabe)",32,tableau 10
2022,ménages non classés,2022-06,93399.0,ménages,"MAS, suivi et évaluation du programme Amen social 2023 (arabe)",32,tableau 10
2022,ménages classés par le score,2022-12,218082.0,ménages,"MAS, suivi et évaluation du programme Amen social 2023 (arabe)",32,tableau 10
2022,ménages non classés,2022-12,87844.0,ménages,"MAS, suivi et évaluation du programme Amen social 2023 (arabe)",32,tableau 10
2023,ménages classés par le score,2023-12,287547.0,ménages,"MAS, suivi et évaluation du programme Amen social 2023 (arabe)",32,tableau 10
2023,ménages non classés,2023-12,49653.0,ménages,"MAS, suivi et évaluation du programme Amen social 2023 (arabe)",32,tableau 10
2013,bénéficiaires par âge,18-39,6.6,%,"MAS, suivi et évaluation du programme Amen social 2023 (arabe)",14,"tableau 2, colonne total"
2023,bénéficiaires par âge,18-39,7.7,%,"MAS, suivi et évaluation du programme Amen social 2023 (arabe)",14,"tableau 2, colonne total"
2013,bénéficiaires par âge,40-59,35.9,%,"MAS, suivi et évaluation du programme Amen social 2023 (arabe)",14,"tableau 2, colonne total"
2023,bénéficiaires par âge,40-59,38.6,%,"MAS, suivi et évaluation du programme Amen social 2023 (arabe)",14,"tableau 2, colonne total"
2013,bénéficiaires par âge,60-79,37.9,%,"MAS, suivi et évaluation du programme Amen social 2023 (arabe)",14,"tableau 2, colonne total"
2023,bénéficiaires par âge,60-79,39.7,%,"MAS, suivi et évaluation du programme Amen social 2023 (arabe)",14,"tableau 2, colonne total"
2013,bénéficiaires par âge,80+,19.5,%,"MAS, suivi et évaluation du programme Amen social 2023 (arabe)",14,"tableau 2, colonne total"
2023,bénéficiaires par âge,80+,14.0,%,"MAS, suivi et évaluation du programme Amen social 2023 (arabe)",14,"tableau 2, colonne total"
2013,bénéficiaires par région,région 1,21.13,%,"MAS, suivi et évaluation du programme Amen social 2023 (arabe)",16,"figure 5, étiquettes"
2023,bénéficiaires par région,région 1,21.06,%,"MAS, suivi et évaluation du programme Amen social 2023 (arabe)",16,"figure 5, étiquettes"
2013,bénéficiaires par région,région 2,21.11,%,"MAS, suivi et évaluation du programme Amen social 2023 (arabe)",16,"figure 5, étiquettes"
2023,bénéficiaires par région,région 2,18.75,%,"MAS, suivi et évaluation du programme Amen social 2023 (arabe)",16,"figure 5, étiquettes"
2013,bénéficiaires par région,région 3,27.36,%,"MAS, suivi et évaluation du programme Amen social 2023 (arabe)",16,"figure 5, étiquettes"
2023,bénéficiaires par région,région 3,29.27,%,"MAS, suivi et évaluation du programme Amen social 2023 (arabe)",16,"figure 5, étiquettes"
2013,bénéficiaires par région,région 4,18.17,%,"MAS, suivi et évaluation du programme Amen social 2023 (arabe)",16,"figure 5, étiquettes"
2023,bénéficiaires par région,région 4,20.02,%,"MAS, suivi et évaluation du programme Amen social 2023 (arabe)",16,"figure 5, étiquettes"
2013,bénéficiaires par région,région 5,12.23,%,"MAS, suivi et évaluation du programme Amen social 2023 (arabe)",16,"figure 5, étiquettes"
2023,bénéficiaires par région,région 5,10.9,%,"MAS, suivi et évaluation du programme Amen social 2023 (arabe)",16,"figure 5, étiquettes"
2013,bénéficiaires par sexe,femmes,50.4,%,"MAS, suivi et évaluation du programme Amen social 2023 (arabe)",14,"tableau 2 ; le texte donne 50,3 % pour 2013"
2013,bénéficiaires par sexe,hommes,49.6,%,"MAS, suivi et évaluation du programme Amen social 2023 (arabe)",14,tableau 2
2023,bénéficiaires par sexe,femmes,44.1,%,"MAS, suivi et évaluation du programme Amen social 2023 (arabe)",14,tableau 2
2023,bénéficiaires par sexe,hommes,55.9,%,"MAS, suivi et évaluation du programme Amen social 2023 (arabe)",14,tableau 2
2023,enfants 0-5 bénéficiaires,transfert mensuel,27270.0,enfants,"MAS, suivi et évaluation du programme Amen social 2023 (arabe)",38,tableau 13
2023,enfants 6-18 bénéficiaires,transfert mensuel,123602.0,enfants,"MAS, suivi et évaluation du programme Amen social 2023 (arabe)",38,tableau 13
2023,enfants bénéficiaires d'au moins une aide,transfert mensuel,144023.0,enfants,"MAS, suivi et évaluation du programme Amen social 2023 (arabe)",38,tableau 13
2023,enfants enregistrés,transfert mensuel,172911.0,enfants,"MAS, suivi et évaluation du programme Amen social 2023 (arabe)",38,tableau 13
2023,taux de couverture des enfants,transfert mensuel,83.3,%,"MAS, suivi et évaluation du programme Amen social 2023 (arabe)",38,tableau 13
2023,enfants 0-5 bénéficiaires,carte soins tarif réduit,123234.0,enfants,"MAS, suivi et évaluation du programme Amen social 2023 (arabe)",38,tableau 13
2023,enfants 6-18 bénéficiaires,carte soins tarif réduit,253804.0,enfants,"MAS, suivi et évaluation du programme Amen social 2023 (arabe)",38,tableau 13
2023,enfants bénéficiaires d'au moins une aide,carte soins tarif réduit,377292.0,enfants,"MAS, suivi et évaluation du programme Amen social 2023 (arabe)",38,tableau 13
2023,enfants enregistrés,carte soins tarif réduit,502659.0,enfants,"MAS, suivi et évaluation du programme Amen social 2023 (arabe)",38,tableau 13
2023,taux de couverture des enfants,carte soins tarif réduit,75.1,%,"MAS, suivi et évaluation du programme Amen social 2023 (arabe)",38,tableau 13
2023,enfants 0-5 bénéficiaires,carte soins gratuits,1156.0,enfants,"MAS, suivi et évaluation du programme Amen social 2023 (arabe)",38,tableau 13
2023,enfants 6-18 bénéficiaires,carte soins gratuits,3613.0,enfants,"MAS, suivi et évaluation du programme Amen social 2023 (arabe)",38,tableau 13
2023,enfants bénéficiaires d'au moins une aide,carte soins gratuits,4656.0,enfants,"MAS, suivi et évaluation du programme Amen social 2023 (arabe)",38,tableau 13
2023,enfants enregistrés,carte soins gratuits,8438.0,enfants,"MAS, suivi et évaluation du programme Amen social 2023 (arabe)",38,tableau 13
2023,taux de couverture des enfants,carte soins gratuits,55.2,%,"MAS, suivi et évaluation du programme Amen social 2023 (arabe)",38,tableau 13
2023,enfants 0-5 bénéficiaires,total publié,156418.0,enfants,"MAS, suivi et évaluation du programme Amen social 2023 (arabe)",38,tableau 13
2023,enfants 6-18 bénéficiaires,total publié,422542.0,enfants,"MAS, suivi et évaluation du programme Amen social 2023 (arabe)",38,tableau 13
2023,enfants bénéficiaires d'au moins une aide,total publié,525971.0,enfants,"MAS, suivi et évaluation du programme Amen social 2023 (arabe)",38,tableau 13
2023,enfants enregistrés,total publié,684008.0,enfants,"MAS, suivi et évaluation du programme Amen social 2023 (arabe)",38,tableau 13
2023,taux de couverture des enfants,total publié,76.9,%,"MAS, suivi et évaluation du programme Amen social 2023 (arabe)",38,tableau 13
2022,"allocation moins de 6 ans, bénéficiaires",stock décembre,138266.0,enfants,"MAS, suivi et évaluation du programme Amen social 2023 (arabe)",36,texte
2022,"allocation moins de 6 ans, familles",stock décembre,96366.0,familles,"MAS, suivi et évaluation du programme Amen social 2023 (arabe)",36,texte
2023,"allocation moins de 6 ans, bénéficiaires",stock décembre,156418.0,enfants,"MAS, suivi et évaluation du programme Amen social 2023 (arabe)",36,texte
2023,"allocation moins de 6 ans, familles",stock décembre,110848.0,familles,"MAS, suivi et évaluation du programme Amen social 2023 (arabe)",36,texte
2023,"allocation 6-18 ans, bénéficiaires",stock décembre,422542.0,enfants,"MAS, suivi et évaluation du programme Amen social 2023 (arabe)",38,texte
2023,"allocation 6-18 ans, familles",stock décembre,217157.0,familles,"MAS, suivi et évaluation du programme Amen social 2023 (arabe)",38,texte
2020,projets d'insertion réalisés,Amen social,95.0,projets,"MAS, suivi et évaluation du programme Amen social 2023 (arabe)",45,tableau 17
2020,crédits pour projets d'insertion,Amen social,2.0,millions de dinars,"MAS, suivi et évaluation du programme Amen social 2023 (arabe)",45,tableau 17
2021,projets d'insertion réalisés,Amen social,198.0,projets,"MAS, suivi et évaluation du programme Amen social 2023 (arabe)",45,tableau 17
2021,crédits pour projets d'insertion,Amen social,5.0,millions de dinars,"MAS, suivi et évaluation du programme Amen social 2023 (arabe)",45,tableau 17
2022,projets d'insertion réalisés,Amen social,220.0,projets,"MAS, suivi et évaluation du programme Amen social 2023 (arabe)",45,tableau 17
2022,crédits pour projets d'insertion,Amen social,5.0,millions de dinars,"MAS, suivi et évaluation du programme Amen social 2023 (arabe)",45,tableau 17
2023,projets d'insertion réalisés,Amen social,307.0,projets,"MAS, suivi et évaluation du programme Amen social 2023 (arabe)",45,tableau 17
2023,crédits pour projets d'insertion,Amen social,4.3,millions de dinars,"MAS, suivi et évaluation du programme Amen social 2023 (arabe)",45,tableau 17
