date,smig_horaire,smig_200h,pi_cnrps,minimum_cnrps,pi_cnrps_allocation,allocation_cnrps,pi_rsna,minimum_rsna,pi_rsna_reduit,minimum_rsna_reduit,ell_rsna,limite_calcul_rsna,texte_smig,lien_smig
1974-01-01,0.13,26.0,,,,,0.66666,17.333,,,6.0,156.0,Décret n°74-63 du 31 janvier 1974  fixant le salaire minimum interprofessionnel garanti dans les secteurs non agricoles régis par le code de travail,https://www.pist.tn/jort/1974/1974F/Jo01074.pdf
1975-06-01,0.145,29.0,,,,,0.66666,19.333,,,6.0,174.0,Décret n°75-357 du 03 juin 1975  fixant le salaire minimum interprofessionnel garanti dans les secteurs non agricoles régis par le code de travail,https://www.pist.tn/jort/1975/1975F/Jo03875.pdf
1977-02-01,0.193,38.6,,,,,0.66666,25.733,,,6.0,231.6,Décret n°77-115 du 02 février 1977 fixant le salaire minimum interprofessionnel garanti dans les secteurs non agricoles régis par le code de travail,https://www.pist.tn/jort/1977/1977F/Jo00977.pdf
1978-05-01,0.21425,42.85,,,,,0.66666,28.566,,,6.0,257.1,Décret n°78-441 du 26 avril 1978  fixant le salaire minimum interprofessionnel garanti dans les secteurs non agricoles régis par le code de travail,https://www.pist.tn/jort/1978/1978F/Jo03378.pdf
1979-05-01,0.232,46.4,,,,,0.66666,30.933,,,6.0,278.4,Décret n°79-473 du 21 mai 1979  fixant le salaire minimum interprofessionnel garanti dans les secteurs non agricoles régis par le code de travail,https://www.pist.tn/jort/1979/1979F/Jo03479.pdf
1980-02-01,0.23896,47.792,,,,,0.66666,31.861,,,6.0,286.752,Décret n°80-75 du 21 janvier 1980  fixant le salaire minimum interprofessionnel garanti dans les secteurs non agricoles régis par le code de travail,https://www.pist.tn/jort/1980/1980F/Jo00580.pdf
1980-05-01,0.263,52.6,,,,,0.66666,35.066,,,6.0,315.6,Décret n°80-609 du 19 mai 1980 fixant le salaire minimum interprofessionnel garanti dans les secteurs non agricoles régis par le code de travail,https://www.pist.tn/jort/1980/1980F/Jo03180.pdf
1981-04-01,0.311,62.2,,,,,0.66666,41.466,,,6.0,373.2,Décret n°81-437 du 07 avril 1981 instituant une indemnité complémentaire provisoire  dans les secteurs non agricoles régis par le code du travail,https://www.pist.tn/jort/1981/1981F/Jo02581.pdf
1981-05-01,0.311,62.2,0.66666,41.466,,,0.66666,41.466,,,6.0,373.2,Décret n°81-437 du 07 avril 1981 instituant une indemnité complémentaire provisoire  dans les secteurs non agricoles régis par le code du travail,https://www.pist.tn/jort/1981/1981F/Jo02581.pdf
1982-02-01,0.409,81.8,0.66666,54.533,,,0.66666,54.533,,,6.0,490.8,Décret n°82-501 du 16 mars 1982 fixant le salaire minimum interprofessionnel garanti dans les secteurs non agricoles régis par le code du travail.,https://www.pist.tn/jort/1982/1982F/Jo01982.pdf
1982-07-22,0.409,81.8,0.66666,54.533,,,0.66666,54.533,0.5,40.9,6.0,490.8,Décret n°82-501 du 16 mars 1982 fixant le salaire minimum interprofessionnel garanti dans les secteurs non agricoles régis par le code du travail.,https://www.pist.tn/jort/1982/1982F/Jo01982.pdf
1983-01-01,0.457,91.4,0.66666,60.933,,,0.66666,60.933,0.5,45.7,6.0,548.4,Décret n°83-509 du 04 juin 1983 fixant le salaire minimum interprofessionnel garanti dans les secteurs non agricoles régis par le code du travail.,https://www.pist.tn/jort/1983/1983F/Jo04283.pdf
1985-09-12,0.457,91.4,0.66666,60.933,0.5,45.7,0.66666,60.933,0.5,45.7,6.0,548.4,Décret n°83-509 du 04 juin 1983 fixant le salaire minimum interprofessionnel garanti dans les secteurs non agricoles régis par le code du travail.,https://www.pist.tn/jort/1983/1983F/Jo04283.pdf
1986-07-01,0.481,96.2,0.66666,64.133,0.5,48.1,0.66666,64.133,0.5,48.1,6.0,577.2,Décret n°86-689 du 20 juillet 1986 fixant le salaire minimum interprofessionnel garanti dans les secteurs non agricoles régis par le code du travail.,https://www.pist.tn/jort/1986/1986F/Jo04186.pdf
1987-11-01,0.505,101.0,0.66666,67.333,0.5,50.5,0.66666,67.333,0.5,50.5,6.0,606.0,Décret n°87-1277 du 05 novembre 1987 fixant le salaire minimum interprofessionnel garanti dans les secteurs non agricoles régis par le code du travail.,https://www.pist.tn/jort/1987/1987F/Jo07887.pdf
1988-04-01,0.529,105.8,0.66666,70.533,0.5,52.9,0.66666,70.533,0.5,52.9,6.0,634.8,Décret n°88-889 du 05 mai 1988 fixant le salaire minimum interprofessionnel garanti dans les secteurs non agricoles régis par le code du travail.,https://www.pist.tn/jort/1988/1988F/Jo03188.pdf
1990-01-01,0.577,115.4,0.66666,76.933,0.5,57.7,0.66666,76.933,0.5,57.7,6.0,692.4,"Décret n° 90-246 du 5 février 1990, fixant le salaire minimum interprofessionnel garanti dans les secteurs non agricoles régis par le code du travail, article premier",https://www.pist.tn/jort/1990/1990F/Jo01390.pdf
1992-05-01,0.639,127.8,0.66666,85.199,0.5,63.9,0.66666,85.199,0.5,63.9,6.0,766.8,"Décret n° 92-1299 du 13 juillet 1992, fixant le salaire minimum interprofessionnel garanti dans les secteurs non agricoles régis par le code du travail, articles premier et 3",https://www.pist.tn/jort/1992/1992F/Jo04992.pdf
1992-08-01,0.649,129.8,0.66666,86.532,0.5,64.9,0.66666,86.532,0.5,64.9,6.0,778.8,Décret n°92-1630 du 07 septembre 1992 fixant le salaire minimum interprofessionnel garanti dans les secteurs non agricoles régis par le code du travail.,https://www.pist.tn/jort/1992/1992F/Jo06392.pdf
1993-05-01,0.687,137.4,0.66666,91.599,0.5,68.7,0.66666,91.599,0.5,68.7,6.0,824.4,Décret n°93-1256 du 07 juin 1993 fixant le salaire minimum interprofessionnel garanti dans les secteurs non agricoles régis par le code du travail.,https://www.pist.tn/jort/1993/1993F/Jo04493.pdf
1993-08-01,0.697,139.4,0.66666,92.932,0.5,69.7,0.66666,92.932,0.5,69.7,6.0,836.4,Décret n°93-1838 du 06 septembre 1993 fixant le salaire minimum interprofessionnel garanti dans les secteurs non agricoles régis par le code du travail.,https://www.pist.tn/jort/1993/1993F/Jo06993.pdf
1994-08-01,0.707,141.4,0.66666,94.266,0.5,70.7,0.66666,94.266,0.5,70.7,6.0,848.4,Décret n°94-1804 du 29 août 1994 fixant le salaire minimum interprofessionnel garanti dans les secteurs non agricoles régis par le code du travail.,https://www.pist.tn/jort/1994/1994F/Jo07194.pdf
1995-05-01,0.741,148.2,0.66666,98.799,0.5,74.1,0.66666,98.799,0.5,74.1,6.0,889.2,Décret n°95-900 du 15 mai 1995 fixant le salaire minimum interprofessionnel garanti dans les secteurs non agricoles régis par le code du travail.,https://www.pist.tn/jort/1995/1995F/Jo04095.pdf
1996-05-01,0.77,154.0,0.66666,102.666,0.5,77.0,0.66666,102.666,0.5,77.0,6.0,924.0,Décret n°96-1013 du 27 mai 1996 fixant le salaire minimum interprofessionnel garanti dans les secteurs non agricoles régis par le code du travail.,https://www.pist.tn/jort/1996/1996F/Jo04596.pdf
1996-09-09,0.78,156.0,0.66666,103.999,0.5,78.0,0.66666,103.999,0.5,78.0,6.0,936.0,Décret n°96-1547 du 10 septembre 1996  fixant le salaire minimum interprofessionnel garanti dans les secteurs non agricoles régis par le code du travail.,https://www.pist.tn/jort/1996/1996F/Jo07496.pdf
1997-07-20,0.79,158.0,0.66666,105.332,0.5,79.0,0.66666,105.332,0.5,79.0,6.0,948.0,Décret n°97-1521 du 04 août 1997  fixant le salaire minimum interprofessionnel garanti dans les secteurs non agricoles régis par le code du travail.,https://www.pist.tn/jort/1997/1997F/Jo06397.pdf
1997-11-07,0.819,163.8,0.66666,109.199,0.5,81.9,0.66666,109.199,0.5,81.9,6.0,982.8,Décret n°97-2148 du 12 novembre 1997 fixant le salaire minimum interprofessionnel garanti dans les secteurs non agricoles régis par le code du travail.,https://www.pist.tn/jort/1997/1997F/Jo09397.pdf
1998-08-20,0.831,166.2,0.66666,110.799,0.5,83.1,0.66666,110.799,0.5,83.1,6.0,997.2,Décret n°98-1674 du 26 août 1998  fixant le salaire minimum interprofessionnel garanti dans les secteurs non agricoles régis par le code du travail.,https://www.pist.tn/jort/1998/1998F/Jo07198.pdf
1999-05-01,0.86,172.0,0.66666,114.666,0.5,86.0,0.66666,114.666,0.5,86.0,6.0,1032.0,Décret n°99-994 du 10 mai 1999  fixant le salaire minimum interprofessionnel garanti dans les secteurs non agricoles régis par le code du travail.,https://www.pist.tn/jort/1999/1999F/Jo03899.pdf
1999-08-19,0.87,174.0,0.66666,115.999,0.5,87.0,0.66666,115.999,0.5,87.0,6.0,1044.0,Décret n°99-1866 du 31 août 1999  fixant le salaire minimum interprofessionnel garanti dans les secteurs non agricoles régis par le code du travail.,https://www.pist.tn/jort/1999/1999F/Jo07499.pdf
2000-05-01,0.899,179.8,0.66666,119.865,0.5,89.9,0.66666,119.865,0.5,89.9,6.0,1078.8,Décret n°2000-949 du 11 mai 2000  fixant le salaire minimum interprofessionnel garanti dans les secteurs non agricoles régis par le code du travail.,https://www.pist.tn/jort/2000/2000F/Jo0382000.pdf
2001-07-01,0.94,188.0,0.66666,125.332,0.5,94.0,0.66666,125.332,0.5,94.0,6.0,1128.0,Décret n°2001-1746 du 01 août 2001  fixant le salaire minimum interprofessionnel garanti dans les secteurs non agricoles régis par le code du travail.,https://www.pist.tn/jort/2001/2001F/Jo0632001.pdf
2002-07-01,0.974,194.8,0.66666,129.865,0.5,97.4,0.66666,129.865,0.5,97.4,6.0,1168.8,Décret n°2002-1790 du 12 août 2002 fixant le salaire minimum interprofessionnel garanti dans les secteurs non agricoles régis par le code du travail.,https://www.pist.tn/jort/2002/2002F/Jo0672002.pdf
2003-07-01,1.015,203.0,0.66666,135.332,0.5,101.5,0.66666,135.332,0.5,101.5,6.0,1218.0,"Décret n°2003-1691 du 18 août 2003 , fixant le salaire minimum interprofessionnel garanti dans les secteurs non agricoles régis par le code du travail.",https://www.pist.tn/jort/2003/2003F/Jo0672003.pdf
2004-07-01,1.049,209.8,0.66666,139.865,0.5,104.9,0.66666,139.865,0.5,104.9,6.0,1258.8,Décret n°2004-1803 du 02 août 2004  fixant le salaire minimum interprofessionnel garanti dans les secteurs non agricoles régis par le code du travail.,https://www.pist.tn/jort/2004/2004F/Jo0632004.pdf
2005-09-01,1.078,215.6,0.66666,143.732,0.5,107.8,0.66666,143.732,0.5,107.8,6.0,1293.6,Décret n°2005-2320 du 22 août 2005 fixant le salaire minimum interprofessionnel garanti dans les secteurs non agricoles régis par le code du travail.,https://www.pist.tn/jort/2005/2005F/Jo0682005.pdf
2006-07-01,1.112,222.4,0.66666,148.265,0.5,111.2,0.66666,148.265,0.5,111.2,6.0,1334.4,"Décret n°2006-2098 du 24 juillet 2006 , fixant le salaire minimum interprofessionnel garanti dans les secteurs non agricoles régis par le code du travail.",https://www.pist.tn/jort/2006/2006F/Jo0622006.pdf
2007-07-01,1.153,230.6,0.66666,153.732,0.5,115.3,0.66666,153.732,0.5,115.3,6.0,1383.6,"Décret n°2007-2079 du 14 août 2007 , fixant le salaire minimum interprofessionnel garanti dans les secteurs non agricoles régis par le code du travail.",https://www.pist.tn/jort/2007/2007F/Jo0672007.pdf
2008-07-01,1.211,242.2,0.66666,161.465,0.5,121.1,0.66666,161.465,0.5,121.1,6.0,1453.2,Décret n°2008-2072 du 02 juin 2008 fixant le salaire minimum interprofessionnel garanti dans les secteurs non agricoles régis par le code du travail.,https://www.pist.tn/jort/2008/2008F/Jo0462008.pdf
2009-08-01,1.253,250.6,0.66666,167.065,0.5,125.3,0.66666,167.065,0.5,125.3,6.0,1503.6,Décret n°2009-2257 du 14 juillet 2009  fixant le salaire minimum interprofessionnel garanti dans les secteurs non agricoles régis par le code du travail.,https://www.pist.tn/jort/2009/2009F/Jo0622009.pdf
2010-07-01,1.31,262.0,0.66666,174.665,0.5,131.0,0.66666,174.665,0.5,131.0,6.0,1572.0,Décret n°2010-1746 du 17 juillet 2010 fixant le salaire minimum interprofessionnel garanti dans les secteurs non agricoles régis par le code du travail.,https://www.pist.tn/jort/2010/2010F/Jo0582010.pdf
2011-05-01,1.375,275.0,0.66666,183.332,0.5,137.5,0.66666,183.332,0.5,137.5,6.0,1650.0,Décret n°2011-679 du 09 juin 2011 fixant le salaire minimum interprofessionnel garanti dans les secteurs non agricoles régis par le code du travail.,https://www.pist.tn/jort/2011/2011F/Jo0422011.pdf
2012-07-01,1.451,290.2,0.66666,193.465,0.5,145.1,0.66666,193.465,0.5,145.1,6.0,1741.2,Décret n°2012-1981 du 20 septembre 2012 fixant le salaire minimum interprofessionnel garanti dans les secteurs non agricoles régis par le code du travail.,https://www.pist.tn/jort/2012/2012F/Jo0772012.pdf
2014-05-01,1.538,307.6,0.66666,205.065,0.5,153.8,0.66666,205.065,0.5,153.8,6.0,1845.6,Décret n°2014-2907 du 11 août 2014 fixant le salaire minimum interprofessionnel garanti dans les secteurs non agricoles régis par le code du travail.,https://www.pist.tn/jort/2014/2014F/Jo0662014.pdf
2015-05-01,1.625,325.0,0.66666,216.665,0.5,162.5,0.66666,216.665,0.5,162.5,6.0,1950.0,Décret n°2015-1762 du 09 novembre 2015 fixant le salaire minimum interprofessionnel garanti dans les secteurs non agricoles régis par le code du travail.,https://www.pist.tn/jort/2015/2015F/Jo0912015.pdf
2016-08-01,1.717,343.4,0.66666,228.931,0.5,171.7,0.66666,228.931,0.5,171.7,6.0,2060.4,Décret n°2017-668 du 05 juin 2017 fixant le salaire minimum interprofessionnel garanti dans les secteurs non agricoles régis par le code du travail.,https://www.pist.tn/jort/2017/2017F/Jo0452017.pdf
2018-05-01,1.82,364.0,0.66666,242.664,0.5,182.0,0.66666,242.664,0.5,182.0,6.0,2184.0,Décret gouvernemental n°2018-672 du 07 août 2018 fixant le salaire minimum interprofessionnel garanti dans les secteurs non agricoles régis par le code du travail.,https://www.pist.tn/jort/2018/2018F/Jo0642018.pdf
2019-05-01,1.938,387.6,0.66666,258.397,0.5,193.8,0.66666,258.397,0.5,193.8,6.0,2325.6,Décret gouvernemental n°2019-454 du 28 mai 2019,
2020-10-01,2.064,412.8,0.66666,275.197,0.5,206.4,0.66666,275.197,0.5,206.4,6.0,2476.8,Décret gouvernemental n° 2020-1069 du 30 décembre 2020 fixant le salaire minimum interprofessionnel garanti dans les secteurs non agricoles régis par le code du travail.,https://www.pist.tn/jort/2021/2021F/Jo0012021.pdf
2022-10-01,2.208,441.6,0.66666,294.397,0.5,220.8,0.66666,294.397,0.5,220.8,6.0,2649.6,Décret gouvernemental n°2022-769 du 19 octobre 2022 fixant le salaire minimum interprofessionnel garanti dans les secteurs non agricoles régis par le code du travail.,https://www.pist.tn/jort/2022/2022F/Jo1142022.pdf
2024-05-01,2.363,472.6,0.66666,315.064,0.5,236.3,0.66666,315.064,0.5,236.3,6.0,2835.6,Décret n°2024-419 du 09 juillet 2024  fixant le salaire minimum interprofessionnel garanti dans les secteurs non agricoles régis par le code du travail.,https://www.pist.tn/jort/2024/2024F/Jo0852024.pdf
2025-01-01,2.54,508.0,0.66666,338.663,0.5,254.0,0.66666,338.663,0.5,254.0,6.0,3048.0,"Décret n°2024-419 du 09 juillet 2024 , fixant le salaire minimum interprofessionnel garanti dans les secteurs non agricoles régis par le code du travail.",https://www.pist.tn/jort/2024/2024F/Jo0852024.pdf
2026-01-01,2.667,533.4,0.66666,355.596,0.5,266.7,0.66666,355.596,0.5,266.7,6.0,3200.4,"Décret n° 2026-67 du 30 avril 2026, fixant le salaire minimum interprofessionnel garanti dans les secteurs non agricoles régis par le code du travail, article premier",https://www.pist.tn/jort/2026/2026F/Jo0442026.pdf
2027-01-01,2.8,560.0,0.66666,373.33,0.5,280.0,0.66666,373.33,0.5,280.0,6.0,3360.0,"Décret n° 2026-67 du 30 avril 2026, fixant le salaire minimum interprofessionnel garanti dans les secteurs non agricoles régis par le code du travail, article premier",https://www.pist.tn/jort/2026/2026F/Jo0442026.pdf
2028-01-01,2.94,588.0,0.66666,391.996,0.5,294.0,0.66666,391.996,0.5,294.0,6.0,3528.0,"Décret n° 2026-67 du 30 avril 2026, fixant le salaire minimum interprofessionnel garanti dans les secteurs non agricoles régis par le code du travail, article premier",https://www.pist.tn/jort/2026/2026F/Jo0442026.pdf
