taux,date_effet,valeur,texte,lien
normal,1988-07-01,0.17,"Loi n° 88-61 du 2 juin 1988, portant promulgation du code de la taxe sur la valeur ajoutée, article 7 du code, premier paragraphe",https://www.pist.tn/jort/1988/1988F/Jo03988.pdf
normal,1998-01-01,0.18,"Loi n° 97-88 du 29 décembre 1997, portant loi de finances pour la gestion 1998, articles 25 et 90",https://www.pist.tn/jort/1997/1997F/Jo10497.pdf
normal,2018-01-01,0.19,"Loi n° 2017-66 du 18 décembre 2017, portant loi de finances pour l'année 2018, articles 43 et 67",https://www.pist.tn/jort/2017/2017F/Jo1012017.pdf
intermediaire,1995-01-01,0.1,"Loi n° 94-127 du 26 décembre 1994, portant loi de finances pour la gestion 1995, articles 56 à 58 et 100",https://www.pist.tn/jort/1994/1994F/Jo10394.pdf
intermediaire,2002-01-01,0.1,"Loi n° 2001-123 du 28 décembre 2001, portant loi de finances pour l'année 2002, articles 82 à 84 et 97",https://www.pist.tn/jort/2001/2001F/Jo1042001.pdf
intermediaire,2007-01-01,0.12,"Loi n° 2006-80 du 18 décembre 2006, relative à la réduction des taux de l'impôt et à l'allègement de la pression fiscale sur les entreprises, articles 17 et 19",https://www.pist.tn/jort/2006/2006F/Jo1012006.pdf
intermediaire,2018-01-01,0.13,"Loi n° 2017-66 du 18 décembre 2017, portant loi de finances pour l'année 2018, articles 43 et 67",https://www.pist.tn/jort/2017/2017F/Jo1012017.pdf
reduit,1988-07-01,0.06,"Loi n° 88-61 du 2 juin 1988, portant promulgation du code de la taxe sur la valeur ajoutée, article 7 du code, deuxième paragraphe, numéro 1",https://www.pist.tn/jort/1988/1988F/Jo03988.pdf
reduit,2018-01-01,0.07,"Loi n° 2017-66 du 18 décembre 2017, portant loi de finances pour l'année 2018, articles 43 et 67",https://www.pist.tn/jort/2017/2017F/Jo1012017.pdf
majore,1988-07-01,0.29,"Loi n° 88-61 du 2 juin 1988, portant promulgation du code de la taxe sur la valeur ajoutée, article 7 du code, deuxième paragraphe, numéro 2",https://www.pist.tn/jort/1988/1988F/Jo03988.pdf
majore,2007-01-01,,"Loi n° 2006-80 du 18 décembre 2006, relative à la réduction des taux de l'impôt et à l'allègement de la pression fiscale sur les entreprises, articles 13 et 19",https://www.pist.tn/jort/2006/2006F/Jo1012006.pdf
